File,Selection,View,Channel,Begin Time (s),End Time (s),Low Freq (Hz),High Freq (Hz),Center Freq (Hz),Delta Freq (Hz),Delta Time (s),Inband Power (dB FS),Length (frames),Peak Freq (Hz),Peak Power Density (dB FS),Max Time (s),Energy,RL,Year,Month,Day,Hour
1677987850.180620030004.Table.1.selections,1,Spectrogram 1,1,37.1186443,37.17514147,61.503,574.032,199.219,512.529,0.0565,-52.74,1,175.781,-62.07,37.151,-17.304,119.26,18,6,20,3
1677987850.180620030004.Table.1.selections,2,Spectrogram 1,1,36.28060287,36.33710004,68.337,574.032,210.938,505.695,0.0565,-53.35,1,187.5,-63.16,36.3125,-17.913,118.65,18,6,20,3
1677987850.180620030004.Table.1.selections,3,Spectrogram 1,1,48.05220647,48.12753603,47.836,1339.408,257.812,1291.572,0.0753,-53.84,2,175.781,-63.9,48.0885,-15.39,118.16,18,6,20,3
1677987850.180620030004.Table.1.selections,4,Spectrogram 1,1,57.31582959,57.38174296,75.171,1503.417,316.406,1428.246,0.0659,-50.63,1,234.375,-64.61,57.349,-15.188,121.37,18,6,20,3
1677987850.180620030004.Table.1.selections,5,Spectrogram 1,1,144.8917463,144.9576597,355.353,1476.082,703.125,1120.729,0.0659,-55.75,1,597.656,-71.61,144.9219,-20.312,116.25,18,6,20,3
1677987850.180620030004.Table.1.selections,6,Spectrogram 1,1,175.5158288,175.5817422,375.854,1182.232,644.531,806.378,0.0659,-63.3,1,621.094,-77.48,175.5469,-27.858,108.7,18,6,20,3
1677987850.180620030004.Table.1.selections,7,Spectrogram 1,1,206.7207718,206.7961014,362.187,1148.064,632.812,785.877,0.0753,-65.21,2,632.812,-76.07,206.7552,-26.754,106.79,18,6,20,3
1677987850.180620030004.Table.1.selections,8,Spectrogram 1,1,205.0150259,205.0715231,389.522,1148.064,644.531,758.542,0.0565,-64.07,1,527.344,-78.39,205.0417,-28.629,107.93,18,6,20,3
1677987850.180620030004.Table.1.selections,9,Spectrogram 1,1,171.1032766,171.1503576,362.187,1018.223,632.812,656.036,0.0471,-63.95,1,644.531,-78.43,171.1354,-28.51,108.05,18,6,20,3
1677987850.180620030004.Table.1.selections,10,Spectrogram 1,1,29.25188361,29.29896459,75.171,512.528,199.219,437.357,0.0471,-53.08,1,175.781,-62.26,29.276,-17.637,118.92,18,6,20,3
1677987850.180620090002.Table.1.selections,1,Spectrogram 1,1,15.82888926,15.89480263,113.475,546.099,257.812,432.624,0.0659,-50.5,1,269.531,-61.07,15.8594,-15.055,121.5,18,6,20,9
1677987850.180620090002.Table.1.selections,2,Spectrogram 1,1,20.64056534,20.68764632,120.567,617.021,281.25,496.454,0.0471,-54.42,1,316.406,-66.13,20.6719,-18.982,117.58,18,6,20,9
1677987850.180620090002.Table.1.selections,11,Spectrogram 1,1,28.30453735,28.85067671,865.248,1595.745,1113.281,730.497,0.5461,-74.97,15,1054.688,-81.52,28.4375,-27.766,97.03,18,6,20,9
1677987850.180620090002.Table.1.selections,3,Spectrogram 1,1,64.42587574,64.48237292,92.199,822.695,269.531,730.496,0.0565,-52.22,1,246.094,-64.58,64.4583,-16.775,119.78,18,6,20,9
1677987850.180620090002.Table.1.selections,8,Spectrogram 1,1,118.1974694,118.2822152,248.227,780.142,339.844,531.915,0.0847,-58.08,3,292.969,-64.33,118.2344,-17.869,113.92,18,6,20,9
1677987850.180620090002.Table.1.selections,4,Spectrogram 1,1,160.2074189,160.2544999,404.255,1333.333,667.969,929.078,0.0471,-57.63,1,480.469,-71.04,160.2344,-22.187,114.37,18,6,20,9
1677987850.180620090002.Table.1.selections,9,Spectrogram 1,1,197.5477514,197.5948324,113.475,1191.489,562.5,1078.014,0.0471,-44.07,1,222.656,-57.11,197.5677,-8.63,127.93,18,6,20,9
1677987850.180620090002.Table.1.selections,10,Spectrogram 1,1,205.0884572,205.1355382,141.844,375.887,234.375,234.043,0.0471,-54.4,1,222.656,-62.25,205.1146,-18.959,117.6,18,6,20,9
1677987850.180620090002.Table.1.selections,5,Spectrogram 1,1,231.0497069,231.1062041,432.624,1567.376,691.406,1134.752,0.0565,-57.12,1,621.094,-70.4,231.0729,-21.682,114.88,18,6,20,9
1677987850.180620090002.Table.1.selections,6,Spectrogram 1,1,241.5939571,241.6316219,432.624,1148.936,703.125,716.312,0.0377,-59.85,1,562.5,-74.31,241.6094,-24.409,112.15,18,6,20,9
1677987850.180620210002.Table.1.selections,1,Spectrogram 1,1,81.48775886,81.55367223,317.6,2371.8,621.094,2054.118,0.0659,-56.63,1,585.938,-70.87,81.5208,-21.192,115.37,18,6,20,21
1677987850.180620210002.Table.1.selections,2,Spectrogram 1,1,172.9661015,173.0414311,240,1362.4,574.219,1122.353,0.0753,-59.34,2,574.219,-69.78,172.9948,-20.887,112.66,18,6,20,21
1677987850.180620210002.Table.1.selections,3,Spectrogram 1,1,175.7250469,175.8286251,261.2,1489.4,574.219,1228.235,0.1036,-62.18,3,515.625,-73,175.7656,-21.966,109.82,18,6,20,21
1677987850.180620210002.Table.1.selections,4,Spectrogram 1,1,188.2203388,188.3239169,275.3,1574.1,574.219,1298.824,0.1036,-60.05,3,539.062,-69.59,188.2708,-19.841,111.95,18,6,20,21
1677987850.180620210002.Table.1.selections,5,Spectrogram 1,1,203.3239169,203.4086627,317.6,1461.2,597.656,1143.529,0.0847,-60.49,3,492.188,-69.15,203.3646,-20.28,111.51,18,6,20,21
1677987850.180620210002.Table.1.selections,8,Spectrogram 1,1,91.8267419,91.92090386,296.5,1524.7,621.094,1228.235,0.0942,-60.73,3,621.094,-71.52,91.875,-20.517,111.27,18,6,20,21
1677987850.180620210002.Table.1.selections,9,Spectrogram 1,1,88.35216563,88.418079,261.2,1517.6,621.094,1256.471,0.0659,-59.82,2,503.906,-71.35,88.375,-21.37,112.18,18,6,20,21
1677987850.180620210002.Table.1.selections,10,Spectrogram 1,1,83.05284102,83.10933819,345.9,1771.8,644.531,1425.882,0.0565,-57.46,1,597.656,-71.32,83.0885,-22.02,114.54,18,6,20,21
1677987850.180620210002.Table.1.selections,11,Spectrogram 1,1,76.99822709,77.07355666,360,1305.9,609.375,945.882,0.0753,-62.24,3,585.938,-72.38,77.0365,-22.027,109.76,18,6,20,21
1677987850.180620210002.Table.1.selections,12,Spectrogram 1,1,63.54964072,63.62497029,77.6,487.1,222.656,409.412,0.0753,-59.35,2,187.5,-66.4,63.5833,-20.902,112.65,18,6,20,21
1677987850.180624090002.Table.1.selections,1,Spectrogram 1,1,92.38229777,92.43879495,352.941,1355.294,703.125,1002.353,0.0565,-58.9,2,527.344,-70.7,92.4219,-20.444,113.1,18,6,24,9
1677987850.180624090002.Table.1.selections,2,Spectrogram 1,1,138.0320153,138.0885124,204.706,967.059,585.938,762.353,0.0565,-52,1,667.969,-66.43,138.0677,-16.564,120,18,6,24,9
1677987850.180624090002.Table.1.selections,3,Spectrogram 1,1,235.191055,235.2569684,268.235,1214.118,691.406,945.883,0.0659,-58.46,2,667.969,-69.92,235.2292,-20.005,113.54,18,6,24,9
1677987850.180624090002.Table.1.selections,4,Spectrogram 1,1,252.9510574,253.0075546,352.941,1397.647,656.25,1044.706,0.0565,-52.66,1,457.031,-67.45,252.9844,-17.218,119.34,18,6,24,9
1677987850.180624090002.Table.1.selections,5,Spectrogram 1,1,268.4182788,268.474776,317.647,1609.412,667.969,1291.765,0.0565,-50.56,1,621.094,-66.03,268.4427,-15.115,121.44,18,6,24,9
1677987850.180624090002.Table.1.selections,6,Spectrogram 1,1,290.4691218,290.5350352,381.176,1157.647,656.25,776.471,0.0659,-42.41,1,644.531,-54.44,290.5,-6.973,129.59,18,6,24,9
1677987850.180624090002.Table.1.selections,7,Spectrogram 1,1,169.7223447,169.7882581,338.824,1108.235,621.094,769.411,0.0659,-44.23,2,597.656,-53.95,169.75,-5.782,127.77,18,6,24,9
1677987850.180624090002.Table.1.selections,8,Spectrogram 1,1,131.9551326,132.0116298,367.059,1094.118,644.531,727.059,0.0565,-52.53,1,562.5,-65.48,131.9792,-17.094,119.47,18,6,24,9
1677987850.180624090002.Table.1.selections,9,Spectrogram 1,1,103.5054468,103.561944,70.588,395.294,222.656,324.706,0.0565,-53.45,1,152.344,-64.02,103.5417,-18.008,118.55,18,6,24,9
1677987850.180624090002.Table.1.selections,10,Spectrogram 1,1,69.06460619,69.12110336,296.471,1249.412,644.531,952.941,0.0565,-36.35,1,632.812,-48.41,69.0885,-0.913,135.65,18,6,24,9
1677987850.180625090002.Table.1.selections,1,Spectrogram 1,1,73.98305102,74.0395482,404.255,1638.298,785.156,1234.043,0.0565,-55.3,1,656.25,-71.42,74.0104,-19.857,116.7,18,6,25,9
1677987850.180625090002.Table.1.selections,2,Spectrogram 1,1,85.87036119,85.91744217,205.674,794.326,480.469,588.652,0.0471,-54.37,1,234.375,-67.16,85.8958,-18.933,117.63,18,6,25,9
1677987850.180625090002.Table.1.selections,3,Spectrogram 1,1,138.9921116,139.0580249,375.887,886.525,621.094,510.638,0.0659,-49.69,2,632.812,-58.86,139.0156,-11.238,122.31,18,6,25,9
1677987850.180625090002.Table.1.selections,4,Spectrogram 1,1,150.5306308,150.6059604,418.44,893.617,656.25,475.177,0.0753,-55.01,2,656.25,-63.35,150.5729,-16.562,116.99,18,6,25,9
1677987850.180625090002.Table.1.selections,5,Spectrogram 1,1,188.963785,189.0296983,439.716,858.156,644.531,418.44,0.0659,-51.08,1,644.531,-61.75,189,-15.641,120.92,18,6,25,9
1677987850.180625090002.Table.1.selections,6,Spectrogram 1,1,225.2797053,225.3456186,475.177,943.262,667.969,468.085,0.0659,-51.47,1,644.531,-62.63,225.3125,-16.024,120.53,18,6,25,9
1677987850.180625090002.Table.1.selections,7,Spectrogram 1,1,262.5926714,262.6397523,368.794,893.617,609.375,524.823,0.0471,-49.77,1,667.969,-63.02,262.6094,-14.327,122.23,18,6,25,9
1677987850.180625090002.Table.1.selections,8,Spectrogram 1,1,24.61874983,24.68466321,262.411,1269.504,644.531,1007.093,0.0659,-51.76,2,632.812,-59.29,24.6458,-13.309,120.24,18,6,25,9
1677987850.180625090002.Table.1.selections,9,Spectrogram 1,1,95.21164766,95.26814483,304.965,1737.589,703.125,1432.624,0.0565,-55.73,2,656.25,-68.23,95.2292,-17.278,116.27,18,6,25,9
1677987850.180625090002.Table.1.selections,10,Spectrogram 1,1,130.8141252,130.8800386,368.794,716.312,574.219,347.518,0.0659,-54.8,1,527.344,-66.89,130.849,-19.358,117.2,18,6,25,9
1677987850.180625150002.Table.1.selections,2,Spectrogram 1,1,13.22975524,13.28625242,758.865,2000,1218.75,1241.135,0.0565,-68.11,2,1242.188,-79.56,13.2708,-29.662,103.89,18,6,25,15
1677987850.180625150002.Table.1.selections,3,Spectrogram 1,1,22.97520592,23.04111929,290.78,1624.113,679.688,1333.333,0.0659,-44.36,1,667.969,-56.87,23.0052,-8.923,127.64,18,6,25,15
1677987850.180625150002.Table.1.selections,4,Spectrogram 1,1,60.329255,60.39516837,42.553,1156.028,222.656,1113.475,0.0659,-57.42,2,234.375,-66.82,60.375,-18.973,114.58,18,6,25,15
1677987850.180625150002.Table.1.selections,6,Spectrogram 1,1,95.89995898,95.95645615,56.738,1099.291,292.969,1042.553,0.0565,-57.66,1,281.25,-71.21,95.9219,-22.224,114.34,18,6,25,15
1677987850.180625150002.Table.1.selections,7,Spectrogram 1,1,136.9892396,137.0457368,340.426,1248.227,632.812,907.801,0.0565,-59.41,1,585.938,-73.55,137.0104,-23.969,112.59,18,6,25,15
1677987850.180625150002.Table.1.selections,8,Spectrogram 1,1,135.7368856,135.7933828,92.199,468.085,222.656,375.887,0.0565,-61.97,1,234.375,-70.67,135.7708,-26.53,110.03,18,6,25,15
1677987850.180625150002.Table.1.selections,10,Spectrogram 1,1,134.6478182,134.7043154,446.809,1000,609.375,553.191,0.0565,-65.91,1,609.375,-77.57,134.6771,-30.473,106.09,18,6,25,15
1677987850.180625150002.Table.1.selections,12,Spectrogram 1,1,193.5659305,193.6412601,198.582,843.972,375,645.39,0.0753,-58.21,2,351.562,-67.74,193.5937,-19.756,113.79,18,6,25,15
1677987850.180625150002.Table.1.selections,13,Spectrogram 1,1,204.2174213,204.2645022,340.426,1056.738,539.062,716.312,0.0471,-61.12,1,480.469,-73.94,204.2396,-25.68,110.88,18,6,25,15
1677987850.180625150002.Table.1.selections,14,Spectrogram 1,1,274.5752091,274.6411225,312.057,1631.206,562.5,1319.149,0.0659,-57.56,2,550.781,-67.11,274.6042,-19.104,114.44,18,6,25,15
1677987850.180626090002.Table.1.selections,1,Spectrogram 1,1,33.32391699,33.38983036,368.794,964.539,644.531,595.745,0.0659,-56.43,1,656.25,-69.88,33.3594,-20.991,115.57,18,6,26,9
1677987850.180626090002.Table.1.selections,2,Spectrogram 1,1,34.8775893,34.92467028,219.858,1000,550.781,780.142,0.0471,-53.23,1,375,-67.47,34.8906,-17.793,118.77,18,6,26,9
1677987850.180626090002.Table.1.selections,3,Spectrogram 1,1,49.02071541,49.05838019,85.106,1418.44,187.5,1333.333,0.0377,-45.74,1,175.781,-54.52,49.0365,-10.3,126.26,18,6,26,9
1677987850.180626090002.Table.1.selections,4,Spectrogram 1,1,64.32805915,64.37514012,439.716,1191.489,726.562,751.773,0.0471,-59.39,1,726.562,-72.67,64.349,-23.944,112.61,18,6,26,9
1677987850.180626090002.Table.1.selections,5,Spectrogram 1,1,68.44293673,68.49943391,432.624,1042.553,667.969,609.929,0.0565,-48.79,1,656.25,-61.22,68.4687,-13.346,123.21,18,6,26,9
1677987850.180626090002.Table.1.selections,6,Spectrogram 1,1,99.66287706,99.70054184,273.05,960.993,539.062,687.943,0.0377,-60.1,1,316.406,-72.15,99.6771,-24.658,111.9,18,6,26,9
1677987850.180626090002.Table.1.selections,7,Spectrogram 1,1,117.396001,117.4524981,269.504,978.723,574.219,709.22,0.0565,-52.76,1,621.094,-67.26,117.4323,-17.318,119.24,18,6,26,9
1677987850.180626090002.Table.1.selections,8,Spectrogram 1,1,209.8592059,209.9157031,70.922,1659.574,175.781,1588.652,0.0565,-47.13,1,128.906,-56.61,209.8906,-11.686,124.87,18,6,26,9
1677987850.180626090002.Table.1.selections,9,Spectrogram 1,1,288.1486945,288.1957754,85.106,1624.113,222.656,1539.007,0.0471,-45.43,1,164.062,-56.61,288.1667,-9.985,126.57,18,6,26,9
1677987850.180626090002.Table.1.selections,10,Spectrogram 1,1,273.7057864,273.7528674,326.241,921.986,585.938,595.745,0.0471,-54.86,1,386.719,-69.12,273.7292,-19.416,117.14,18,6,26,9
1677987850.180627090002.Table.1.selections,1,Spectrogram 1,1,167.6459497,167.7024469,127.66,801.418,281.25,673.758,0.0565,-52.49,1,246.094,-64.46,167.6719,-17.047,119.51,18,6,27,9
1677987850.180627090002.Table.1.selections,2,Spectrogram 1,1,185.3891974,185.4551107,382.979,1134.752,632.812,751.773,0.0659,-48.92,2,644.531,-59.44,185.4271,-10.468,123.08,18,6,27,9
1677987850.180627090002.Table.1.selections,3,Spectrogram 1,1,201.3807727,201.4372699,49.645,1737.589,175.781,1687.944,0.0565,-41.23,2,175.781,-49.46,201.3958,-2.78,130.77,18,6,27,9
1677987850.180627090002.Table.1.selections,4,Spectrogram 1,1,202.8424269,202.9365889,99.291,1609.929,175.781,1510.638,0.0942,-47.76,3,140.625,-52.81,202.8906,-7.544,124.24,18,6,27,9
1677987850.180627090002.Table.1.selections,5,Spectrogram 1,1,268.5978424,268.6543395,42.553,1687.943,328.125,1645.39,0.0565,-46.08,1,175.781,-58.71,268.625,-10.639,125.92,18,6,27,9
1677987850.180627090002.Table.1.selections,6,Spectrogram 1,1,270.7070702,270.7635674,70.922,1773.05,175.781,1702.128,0.0565,-41.12,1,164.062,-51.66,270.7396,-5.684,130.88,18,6,27,9
1677987850.180627090002.Table.1.selections,7,Spectrogram 1,1,279.4957267,279.5522239,42.553,1836.879,187.5,1794.326,0.0565,-43,1,152.344,-53.56,279.526,-7.562,129,18,6,27,9
1677987850.180627090002.Table.1.selections,8,Spectrogram 1,1,287.3852426,287.4134911,70.922,1673.759,339.844,1602.837,0.0282,-45.21,1,152.344,-57.89,287.401,-9.767,126.79,18,6,27,9
1677987850.180627090002.Table.1.selections,9,Spectrogram 1,1,294.230346,294.2774269,255.319,1297.872,667.969,1042.553,0.0471,-37.62,1,656.25,-50.33,294.2552,-2.18,134.38,18,6,27,9
1677987850.180627090002.Table.1.selections,10,Spectrogram 1,1,197.0581286,197.124042,468.085,1156.028,667.969,687.943,0.0659,-41.67,1,679.688,-54.24,197.0937,-6.233,130.33,18,6,27,9
1677987881.170712090002.Table.1.selections,4,Spectrogram 1,1,44.30320154,44.35969871,468.085,1021.277,703.125,553.192,0.0565,-58.86,1,714.844,-71.5,44.3333,-23.423,112.84,17,7,12,9
1677987881.170712090002.Table.1.selections,5,Spectrogram 1,1,78.18267411,78.23917129,489.362,1000,691.406,510.638,0.0565,-57.69,1,750,-70.89,78.2031,-22.252,114.01,17,7,12,9
1677987881.170712090002.Table.1.selections,6,Spectrogram 1,1,95.31073439,95.37664776,85.106,1283.688,210.938,1198.582,0.0659,-56.31,2,199.219,-64.58,95.3385,-17.854,115.39,17,7,12,9
1677987881.170712090002.Table.1.selections,7,Spectrogram 1,1,88.50282479,88.55932196,439.716,1439.716,796.875,1000,0.0565,-58,2,785.156,-69.27,88.5208,-19.549,113.7,17,7,12,9
1677987881.170712090002.Table.1.selections,8,Spectrogram 1,1,92.25988693,92.30696791,460.993,1517.73,820.312,1056.737,0.0471,-56.07,1,785.156,-71.01,92.276,-20.624,115.63,17,7,12,9
1677987881.170712090002.Table.1.selections,9,Spectrogram 1,1,121.2335216,121.299435,368.794,1127.66,667.969,758.866,0.0659,-55.54,2,656.25,-66.01,121.2604,-17.085,116.16,17,7,12,9
1677987881.170712090002.Table.1.selections,10,Spectrogram 1,1,209.1713745,209.2278717,404.255,1546.099,656.25,1141.844,0.0565,-58.35,1,562.5,-72.37,209.1979,-22.913,113.35,17,7,12,9
1677987881.170712090002.Table.1.selections,11,Spectrogram 1,1,184.2729428,184.3671047,404.255,1120.567,691.406,716.312,0.0942,-58.28,2,656.25,-70.81,184.2969,-19.829,113.42,17,7,12,9
1677987881.170712090002.Table.1.selections,12,Spectrogram 1,1,285.5754705,285.6602163,390.071,1170.213,714.844,780.142,0.0847,-54.1,3,726.562,-62.63,285.6146,-13.888,117.6,17,7,12,9
1677987881.170712090002.Table.1.selections,13,Spectrogram 1,1,292.9490861,293.0055833,361.702,1219.858,574.219,858.156,0.0565,-56.39,1,515.625,-69.02,292.9792,-20.953,115.31,17,7,12,9
1677987881.170712150002.Table.1.selections,2,Spectrogram 1,1,42.26354454,42.32004171,77.465,457.746,199.219,380.282,0.0565,-60.76,1,199.219,-69.58,42.2917,-25.316,110.94,17,7,12,15
1677987881.170712150002.Table.1.selections,3,Spectrogram 1,1,49.13736752,49.18444849,126.761,457.746,199.219,330.986,0.0471,-62.61,2,199.219,-67.84,49.1458,-24.163,109.09,17,7,12,15
1677987881.170712150002.Table.1.selections,4,Spectrogram 1,1,106.6216883,106.6876016,91.549,492.958,246.094,401.408,0.0659,-60.9,2,246.094,-68.55,106.6771,-22.449,110.8,17,7,12,15
1677987881.170712150002.Table.1.selections,5,Spectrogram 1,1,112.8386333,113.0457896,70.423,1028.169,410.156,957.746,0.2072,-65.66,5,246.094,-74.02,113.0208,-23.228,106.04,17,7,12,15
1677987881.170712150002.Table.1.selections,7,Spectrogram 1,1,202.0036182,202.041283,49.296,774.648,199.219,725.352,0.0377,-58.93,1,152.344,-70.05,202.0156,-23.487,112.77,17,7,12,15
1677987881.170712150002.Table.1.selections,8,Spectrogram 1,1,249.8184526,249.884366,408.451,1500,703.125,1091.549,0.0659,-60.26,1,679.688,-75.54,249.849,-24.824,111.44,17,7,12,15
1677987881.170712150002.Table.1.selections,9,Spectrogram 1,1,258.1700025,258.2359159,105.634,591.549,281.25,485.915,0.0659,-61.63,2,281.25,-66.82,258.1979,-23.176,110.07,17,7,12,15
1677987881.170712150002.Table.1.selections,10,Spectrogram 1,1,284.1502183,284.2255479,161.972,500,281.25,338.028,0.0753,-61.06,2,234.375,-69.1,284.1927,-22.608,110.64,17,7,12,15
1677987881.170712150002.Table.1.selections,11,Spectrogram 1,1,265.9086984,265.9557793,56.338,450.704,199.219,394.366,0.0471,-58.08,1,117.188,-68.88,265.9271,-22.642,113.62,17,7,12,15
1677987881.170712150002.Table.1.selections,12,Spectrogram 1,1,239.7698059,239.8168869,338.028,1063.38,726.562,725.352,0.0471,-55.97,1,750,-69.32,239.7865,-20.53,115.73,17,7,12,15
1677987881.170712150002.Table.1.selections,15,Spectrogram 1,1,129.9379035,135.0226492,77.465,1077.465,210.938,1000,5.0847,-70.24,139,128.906,-62.09,130.2292,-13.368,101.46,17,7,12,15
1677987881.170712210002.Table.1.selections,2,Spectrogram 1,1,12.72128063,12.79661019,411.348,1503.546,691.406,1092.199,0.0753,-58.85,2,726.562,-70.05,12.7604,-20.397,112.85,17,7,12,21
1677987881.170712210002.Table.1.selections,3,Spectrogram 1,1,27.68167763,27.747591,425.532,1063.83,632.812,638.298,0.0659,-65.84,2,585.938,-76.21,27.7083,-27.388,105.86,17,7,12,21
1677987881.170712210002.Table.1.selections,4,Spectrogram 1,1,41.20565784,41.26215501,326.241,950.355,585.938,624.113,0.0565,-57.51,1,609.375,-71.73,41.2344,-22.073,114.19,17,7,12,21
1677987881.170712210002.Table.1.selections,5,Spectrogram 1,1,64.16432688,64.23965645,99.291,794.326,222.656,695.035,0.0753,-57.38,3,222.656,-61.15,64.2031,-17.164,114.32,17,7,12,21
1677987881.170712210002.Table.1.selections,8,Spectrogram 1,1,74.85264298,74.90914016,404.255,1241.135,738.281,836.879,0.0565,-57.61,1,750,-70.74,74.8854,-22.169,114.09,17,7,12,21
1677987881.170712210002.Table.1.selections,9,Spectrogram 1,1,82.94018613,83.0060995,361.702,1510.638,609.375,1148.936,0.0659,-55.37,2,527.344,-66.18,82.9792,-16.914,116.33,17,7,12,21
1677987881.170712210002.Table.1.selections,10,Spectrogram 1,1,89.94583585,89.99291683,368.794,1042.553,574.219,673.759,0.0471,-65.2,1,515.625,-77.45,89.9792,-29.757,106.5,17,7,12,21
1677987881.170712210002.Table.1.selections,11,Spectrogram 1,1,129.9215636,134.987477,42.553,1042.553,187.5,1000,5.0659,-67.59,139,58.594,-62.9,132.7812,-10.719,104.11,17,7,12,21
1677987881.170712210002.Table.1.selections,12,Spectrogram 1,1,144.6840861,144.7311671,390.071,1191.489,597.656,801.418,0.0471,-61.79,1,585.938,-74.28,144.7031,-26.35,109.91,17,7,12,21
1677987881.170712210002.Table.1.selections,14,Spectrogram 1,1,167.1237655,167.1896788,28.369,985.816,210.938,957.447,0.0659,-60.08,2,187.5,-68.96,167.1615,-21.627,111.62,17,7,12,21
1677987881.170713030002.Table.1.selections,1,Spectrogram 1,1,7.542372881,7.608286252,354.61,1411.348,609.375,1056.738,0.0659,-63.23,2,562.5,-74.77,7.5833,-24.776,108.47,17,7,13,3
1677987881.170713030002.Table.1.selections,3,Spectrogram 1,1,12.22772669,12.27480767,248.227,1340.426,597.656,1092.199,0.0471,-60.19,1,574.219,-74.28,12.25,-24.747,111.51,17,7,13,3
1677987881.170713030002.Table.1.selections,4,Spectrogram 1,1,16.11661558,16.17311275,276.596,1297.872,597.656,1021.277,0.0565,-60.43,1,550.781,-74.61,16.151,-24.992,111.27,17,7,13,3
1677987881.170713030002.Table.1.selections,5,Spectrogram 1,1,24.78582922,24.85174259,390.071,1304.965,609.375,914.894,0.0659,-63.91,2,550.781,-74.68,24.8281,-25.457,107.79,17,7,13,3
1677987881.170713030002.Table.1.selections,6,Spectrogram 1,1,28.66530191,28.71238289,326.241,1326.241,609.375,1000,0.0471,-60.41,1,574.219,-74.06,28.6927,-24.967,111.29,17,7,13,3
1677987881.170713030002.Table.1.selections,7,Spectrogram 1,1,50.02977465,50.08627183,56.738,829.787,210.938,773.05,0.0565,-54.59,1,210.938,-64.05,50.0573,-19.149,117.11,17,7,13,3
1677987881.170713030002.Table.1.selections,9,Spectrogram 1,1,55.44408727,55.51000064,326.241,1418.44,597.656,1092.199,0.0659,-64.25,2,539.062,-75.97,55.4896,-25.801,107.45,17,7,13,3
1677987881.170713030002.Table.1.selections,11,Spectrogram 1,1,75.53677025,75.60268362,35.461,936.17,199.219,900.709,0.0659,-56.95,2,199.219,-64.45,75.5781,-18.498,114.75,17,7,13,3
1677987881.170713030002.Table.1.selections,12,Spectrogram 1,1,83.9192048,84.00395057,56.738,858.156,199.219,801.418,0.0847,-60.03,3,210.938,-66.66,83.9635,-19.818,111.67,17,7,13,3
1677987881.170713030002.Table.1.selections,14,Spectrogram 1,1,156.7500322,156.8536104,28.369,510.638,187.5,482.27,0.1036,-59.21,3,210.938,-65.77,156.8073,-18.996,112.49,17,7,13,3
1677987881.170713210002.Table.1.selections,2,Spectrogram 1,1,27.09981151,27.15630869,78.014,687.943,187.5,609.929,0.0565,-54.94,1,164.062,-64.7,27.125,-19.502,116.76,17,7,13,21
1677987881.170713210002.Table.1.selections,3,Spectrogram 1,1,48.61581894,48.68173231,163.121,1035.461,632.812,872.34,0.0659,-53.37,2,703.125,-64.54,48.6354,-14.924,118.33,17,7,13,21
1677987881.170713210002.Table.1.selections,4,Spectrogram 1,1,63.12617664,63.18267382,382.979,1276.596,656.25,893.617,0.0565,-62.43,2,574.219,-73.65,63.1458,-23.977,109.27,17,7,13,21
1677987881.170713210002.Table.1.selections,6,Spectrogram 1,1,93.18740033,93.2533137,283.688,1815.603,632.812,1531.915,0.0659,-58.57,2,562.5,-71.5,93.224,-20.118,113.13,17,7,13,21
1677987881.170713210002.Table.1.selections,7,Spectrogram 1,1,101.9938957,102.0409767,361.702,1092.199,574.219,730.496,0.0471,-64.8,1,445.312,-77.74,102.0104,-29.359,106.9,17,7,13,21
1677987881.170713210002.Table.1.selections,8,Spectrogram 1,1,108.6963497,108.7434307,326.241,1460.993,621.094,1134.752,0.0471,-61.24,1,585.938,-76.43,108.7187,-25.8,110.46,17,7,13,21
1677987881.170713210002.Table.1.selections,9,Spectrogram 1,1,163.1507509,163.2260804,418.44,1099.291,609.375,680.851,0.0753,-67.77,3,527.344,-76.86,163.1875,-27.563,103.93,17,7,13,21
1677987881.170713210002.Table.1.selections,11,Spectrogram 1,1,168.411378,168.4772914,326.241,1255.319,597.656,929.078,0.0659,-65.28,2,527.344,-75.58,168.4375,-26.827,106.42,17,7,13,21
1677987881.170713210002.Table.1.selections,13,Spectrogram 1,1,219.4946896,219.5700192,319.149,1574.468,597.656,1255.319,0.0753,-57.99,2,550.781,-68.5,219.5521,-19.537,113.71,17,7,13,21
1677987881.170713210002.Table.1.selections,15,Spectrogram 1,1,253.1899603,253.2464574,56.738,773.05,199.219,716.312,0.0565,-57.29,2,199.219,-64.27,253.2031,-18.84,114.41,17,7,13,21
1677987881.170714030002.Table.1.selections,2,Spectrogram 1,1,26.39769114,26.45418832,269.504,1709.22,609.375,1439.716,0.0565,-51.51,1,585.938,-65.04,26.4323,-16.068,120.19,17,7,14,3
1677987881.170714030002.Table.1.selections,3,Spectrogram 1,1,72.51821854,72.58413191,340.426,1141.844,621.094,801.418,0.0659,-66.01,1,585.938,-80.26,72.5521,-30.567,105.69,17,7,14,3
1677987881.170714030002.Table.1.selections,5,Spectrogram 1,1,118.8313621,118.8878593,113.475,794.326,210.938,680.851,0.0565,-54.24,1,210.938,-63.04,118.8542,-18.804,117.46,17,7,14,3
1677987881.170714030002.Table.1.selections,7,Spectrogram 1,1,142.9206801,142.9865935,85.106,879.433,339.844,794.326,0.0659,-63.96,1,164.062,-78.02,142.9531,-28.517,107.74,17,7,14,3
1677987881.170714030002.Table.1.selections,8,Spectrogram 1,1,160.9353728,160.99187,49.645,723.404,187.5,673.759,0.0565,-56,1,210.938,-66.37,160.9635,-20.564,115.7,17,7,14,3
1677987881.170714030002.Table.1.selections,10,Spectrogram 1,1,201.7794285,201.8359257,113.475,539.007,187.5,425.532,0.0565,-59.78,2,187.5,-64.77,201.7969,-21.327,111.92,17,7,14,3
1677987881.170714030002.Table.1.selections,12,Spectrogram 1,1,211.4566145,211.5225279,347.518,1560.284,597.656,1212.766,0.0659,-61.35,2,550.781,-72.76,211.4948,-22.898,110.35,17,7,14,3
1677987881.170714030002.Table.1.selections,15,Spectrogram 1,1,245.3733444,245.4392578,361.702,1404.255,644.531,1042.553,0.0659,-64.21,2,574.219,-76.08,245.401,-25.762,107.49,17,7,14,3
1677987881.170714030002.Table.1.selections,16,Spectrogram 1,1,277.2698677,277.3263649,276.596,1404.255,550.781,1127.66,0.0565,-61.01,1,550.781,-74.59,277.3021,-25.566,110.69,17,7,14,3
1677987881.170714030002.Table.1.selections,17,Spectrogram 1,1,298.6729719,298.7200528,35.461,617.021,175.781,581.56,0.0471,-63.32,1,128.906,-73.85,298.7031,-27.884,108.38,17,7,14,3
1677987881.170714150002.Table.1.selections,1,Spectrogram 1,1,38.81355927,38.86064025,497.899,1203.782,773.438,705.882,0.0471,-57.63,1,820.312,-71.86,38.8281,-22.187,114.07,17,7,14,15
1677987881.170714150002.Table.1.selections,2,Spectrogram 1,1,67.7097066,67.75678758,302.521,1008.403,597.656,705.882,0.0471,-54.65,1,609.375,-68.48,67.7396,-19.206,117.05,17,7,14,15
1677987881.170714150002.Table.1.selections,4,Spectrogram 1,1,91.48095331,91.51861809,560.924,1058.824,796.875,497.899,0.0377,-63.74,1,832.031,-76.88,91.5104,-28.297,107.96,17,7,14,15
1677987881.170714150002.Table.1.selections,5,Spectrogram 1,1,101.6299303,101.6675951,258.403,794.118,492.188,535.714,0.0377,-59.11,1,468.75,-71.22,101.6458,-23.667,112.59,17,7,14,15
1677987881.170714150002.Table.1.selections,6,Spectrogram 1,1,180.0051825,180.0616797,56.723,636.555,199.219,579.832,0.0565,-57.95,1,199.219,-68.16,180.0312,-22.507,113.75,17,7,14,15
1677987881.170714150002.Table.1.selections,7,Spectrogram 1,1,195.2744168,195.3497464,69.328,680.672,199.219,611.345,0.0753,-49.4,2,199.219,-55.64,195.3073,-10.946,122.3,17,7,14,15
1677987881.170714150002.Table.1.selections,8,Spectrogram 1,1,210.5606037,210.6359333,403.361,1102.941,738.281,699.58,0.0753,-57.63,2,738.281,-70.13,210.5833,-19.184,114.07,17,7,14,15
1677987881.170714150002.Table.1.selections,9,Spectrogram 1,1,246.5139133,246.551578,94.538,441.176,222.656,346.639,0.0377,-60.48,1,234.375,-70.66,246.5312,-25.038,111.22,17,7,14,15
1677987881.170714150002.Table.1.selections,10,Spectrogram 1,1,280.9332046,280.9802856,88.235,529.412,222.656,441.176,0.0471,-58.86,1,234.375,-69.36,280.9479,-23.419,112.84,17,7,14,15
1677987881.170714150002.Table.1.selections,11,Spectrogram 1,1,293.5812518,293.637749,321.429,1594.538,609.375,1273.109,0.0565,-60.9,2,550.781,-72.18,293.599,-22.453,110.8,17,7,14,15
1677987881.170714210002.Table.1.selections,2,Spectrogram 1,1,48.3977398,48.44482078,70.922,709.22,363.281,638.298,0.0471,-62.43,1,410.156,-74.76,48.4167,-26.992,109.27,17,7,14,21
1677987881.170714210002.Table.1.selections,8,Spectrogram 1,1,73.5351628,73.60107617,368.794,914.894,644.531,546.099,0.0659,-65.93,2,644.531,-76.28,73.5729,-27.478,105.77,17,7,14,21
1677987881.170714210002.Table.1.selections,9,Spectrogram 1,1,113.8329895,113.8800705,99.291,609.929,269.531,510.638,0.0471,-63.02,1,222.656,-74.58,113.8594,-27.577,108.68,17,7,14,21
1677987881.170714210002.Table.1.selections,10,Spectrogram 1,1,130.6664519,130.7511977,439.716,1021.277,574.219,581.56,0.0847,-71.31,3,562.5,-79.52,130.7031,-31.1,100.39,17,7,14,21
1677987881.170714210002.Table.1.selections,12,Spectrogram 1,1,170.3357314,170.411061,42.553,1049.645,222.656,1007.092,0.0753,-58.9,2,222.656,-68.37,170.3698,-20.448,112.8,17,7,14,21
1677987881.170714210002.Table.1.selections,13,Spectrogram 1,1,184.7273797,184.793293,397.163,1163.121,632.812,765.957,0.0659,-69.52,2,492.188,-80.31,184.7708,-31.069,102.18,17,7,14,21
1677987881.170714210002.Table.1.selections,15,Spectrogram 1,1,196.6155382,196.6814515,78.014,553.191,234.375,475.177,0.0659,-63.4,2,222.656,-73.46,196.6562,-24.947,108.3,17,7,14,21
1677987881.170714210002.Table.1.selections,16,Spectrogram 1,1,195.8999073,195.984653,21.277,673.759,35.156,652.482,0.0847,-56.58,2,23.438,-59.51,195.9635,-18.133,115.12,17,7,14,21
1677987881.170714210002.Table.1.selections,17,Spectrogram 1,1,202.8194325,202.8853459,78.014,617.021,234.375,539.007,0.0659,-60.47,1,222.656,-71.6,202.8542,-25.028,111.23,17,7,14,21
1677987881.170714210002.Table.1.selections,18,Spectrogram 1,1,245.9212068,245.9871201,326.241,1368.794,761.719,1042.553,0.0659,-58.22,2,726.562,-69.53,245.9479,-19.767,113.48,17,7,14,21
1677987881.170714210002.Table.1.selections,19,Spectrogram 1,1,258.0289572,258.0760382,290.78,1702.128,585.938,1411.348,0.0471,-51.62,1,515.625,-65.57,258.0521,-16.182,120.08,17,7,14,21
1677987881.170719030002.Table.1.selections,10,Spectrogram 1,1,53.60013984,53.65663702,184.397,709.22,410.156,524.823,0.0565,-65.08,1,210.938,-78.11,53.6302,-29.637,106.62,17,7,19,3
1677987881.170719030002.Table.1.selections,11,Spectrogram 1,1,74.65963502,74.69729981,184.397,822.695,410.156,638.298,0.0377,-63.07,1,199.219,-77.64,74.6667,-27.625,108.63,17,7,19,3
1677987881.170719030002.Table.1.selections,12,Spectrogram 1,1,73.88750696,73.92517175,70.922,631.206,363.281,560.284,0.0377,-58.89,1,433.594,-73.05,73.901,-23.449,112.81,17,7,19,3
1677987881.170719030002.Table.1.selections,13,Spectrogram 1,1,196.1695419,196.2542877,127.66,468.085,234.375,340.426,0.0847,-64.54,2,234.375,-72.13,196.2187,-26.089,107.16,17,7,19,3
1677987881.170719030002.Table.1.selections,14,Spectrogram 1,1,239.3253018,239.381799,113.475,652.482,199.219,539.007,0.0565,-59.19,1,210.938,-68.07,239.349,-23.754,112.51,17,7,19,3
1677987881.170719030002.Table.1.selections,15,Spectrogram 1,1,255.4642036,255.5489493,120.567,553.191,187.5,432.624,0.0847,-64.24,2,175.781,-71.21,255.5,-25.786,107.46,17,7,19,3
1677987881.170719030002.Table.1.selections,5,Spectrogram 1,1,237.6121153,237.7062773,106.383,858.156,210.938,751.773,0.0942,-62.33,2,210.938,-68.5,237.6719,-23.883,109.37,17,7,19,3
1677987881.170719030002.Table.1.selections,6,Spectrogram 1,1,234.7684242,234.8155051,120.567,460.993,210.938,340.426,0.0471,-60.4,1,210.938,-67.53,234.7917,-24.961,111.3,17,7,19,3
1677987881.170719030002.Table.1.selections,7,Spectrogram 1,1,257.546732,257.6032291,148.936,567.376,269.531,418.44,0.0565,-56.76,1,281.25,-67.98,257.5781,-21.317,114.94,17,7,19,3
1677987881.170719030002.Table.1.selections,8,Spectrogram 1,1,254.712457,254.759538,106.383,475.177,210.938,368.794,0.0471,-59.86,1,210.938,-68.29,254.7344,-24.422,111.84,17,7,19,3
1677987881.170719090002.Table.1.selections,1,Spectrogram 1,1,285.4518986,285.4989796,374.118,1108.235,703.125,734.117,0.0471,-50.76,1,691.406,-64.33,285.4687,-15.319,120.94,17,7,19,9
1677987881.170719090002.Table.1.selections,2,Spectrogram 1,1,277.0529145,277.1094117,338.824,1171.765,703.125,832.941,0.0565,-55.51,1,738.281,-69.11,277.0833,-20.067,116.19,17,7,19,9
1677987881.170719090002.Table.1.selections,3,Spectrogram 1,1,264.6901767,264.7466739,360,1094.118,714.844,734.118,0.0565,-55.75,1,761.719,-69.76,264.724,-20.311,115.95,17,7,19,9
1677987881.170719090002.Table.1.selections,4,Spectrogram 1,1,247.5681204,247.6152014,352.941,1270.588,609.375,917.647,0.0471,-55.5,1,550.781,-69.25,247.5885,-20.063,116.2,17,7,19,9
1677987881.170719090002.Table.1.selections,5,Spectrogram 1,1,242.5699791,242.6264763,296.471,967.059,656.25,670.588,0.0565,-53.64,1,621.094,-66.24,242.5937,-18.204,118.06,17,7,19,9
1677987881.170719090002.Table.1.selections,6,Spectrogram 1,1,227.8768549,227.9239359,458.824,1016.471,714.844,557.647,0.0471,-52.33,1,738.281,-66,227.901,-16.891,119.37,17,7,19,9
1677987881.170719090002.Table.1.selections,7,Spectrogram 1,1,223.1781732,223.2252542,77.647,571.765,246.094,494.118,0.0471,-53.63,1,234.375,-64.64,223.1979,-18.193,118.07,17,7,19,9
1677987881.170719090002.Table.1.selections,10,Spectrogram 1,1,188.5993456,188.6558428,451.765,1094.118,750,642.353,0.0565,-54.6,1,761.719,-68.06,188.6354,-19.16,117.1,17,7,19,9
1677987881.170719090002.Table.1.selections,11,Spectrogram 1,1,62.96850912,63.02500629,317.647,1065.882,609.375,748.235,0.0565,-50.62,1,585.938,-64.23,63,-15.177,121.08,17,7,19,9
1677987881.170721030002.Table.1.selections,2,Spectrogram 1,1,17.72960276,17.77668374,226.95,822.695,445.312,595.745,0.0471,-64.77,1,445.312,-77.94,17.7552,-29.331,106.93,17,7,21,3
1677987881.170721030002.Table.1.selections,3,Spectrogram 1,1,96.30600827,96.34367306,99.291,453.901,257.812,354.61,0.0377,-63.36,1,304.688,-75.19,96.3229,-27.924,108.34,17,7,21,3
1677987881.170721030002.Table.1.selections,4,Spectrogram 1,1,155.0745418,155.1216228,134.752,659.574,328.125,524.823,0.0471,-62.1,1,199.219,-74.6,155.0937,-26.659,109.6,17,7,21,3
1677987881.170721030002.Table.1.selections,5,Spectrogram 1,1,171.4694225,171.5165035,92.199,418.44,210.938,326.241,0.0471,-61,1,210.938,-70.33,171.5,-25.562,110.7,17,7,21,3
1677987881.170721030002.Table.1.selections,6,Spectrogram 1,1,183.8647667,183.9212639,297.872,851.064,597.656,553.191,0.0565,-69.82,1,632.812,-83.23,183.8958,-34.382,101.88,17,7,21,3
1677987881.170721030002.Table.1.selections,7,Spectrogram 1,1,198.5677383,198.6148193,418.44,787.234,562.5,368.794,0.0471,-69.72,1,574.219,-80.77,198.5885,-34.28,101.98,17,7,21,3
1677987881.170721030002.Table.1.selections,8,Spectrogram 1,1,197.2494709,197.3153842,127.66,581.56,234.375,453.901,0.0659,-63.15,2,199.219,-70.74,197.276,-24.703,108.55,17,7,21,3
1677987881.170721030002.Table.1.selections,9,Spectrogram 1,1,237.2008497,237.2761792,120.567,765.957,316.406,645.39,0.0753,-60.56,2,175.781,-70.35,237.2344,-22.109,111.14,17,7,21,3
1677987881.170721030002.Table.1.selections,10,Spectrogram 1,1,241.2884457,241.354359,148.936,1219.858,503.906,1070.922,0.0659,-58.8,2,468.75,-70.67,241.3177,-20.349,112.9,17,7,21,3
1677987881.170721030002.Table.1.selections,11,Spectrogram 1,1,234.2916155,234.3481126,42.553,808.511,292.969,765.957,0.0565,-60.51,1,304.688,-73.57,234.3177,-25.074,111.19,17,7,21,3
1677987881.170721090002.Table.1.selections,1,Spectrogram 1,1,72.99434918,73.06967875,489.362,1290.78,796.875,801.418,0.0753,-60.45,2,773.438,-71.7,73.026,-21.999,111.25,17,7,21,9
1677987881.170721090002.Table.1.selections,2,Spectrogram 1,1,110.9599725,111.0164696,92.199,921.986,246.094,829.787,0.0565,-54.68,2,210.938,-63.56,110.9792,-16.227,117.02,17,7,21,9
1677987881.170721090002.Table.1.selections,3,Spectrogram 1,1,113.1688576,113.2253548,92.199,588.652,246.094,496.454,0.0565,-56.45,1,187.5,-67.62,113.2031,-21.009,115.25,17,7,21,9
1677987881.170721090002.Table.1.selections,4,Spectrogram 1,1,120.2994272,120.337092,382.979,1198.582,609.375,815.603,0.0377,-54.62,1,539.062,-68.7,120.3125,-19.178,117.08,17,7,21,9
1677987881.170721090002.Table.1.selections,5,Spectrogram 1,1,179.1318181,179.1977315,120.567,553.191,234.375,432.624,0.0659,-61.74,2,222.656,-70.13,179.1562,-23.288,109.96,17,7,21,9
1677987881.170721090002.Table.1.selections,6,Spectrogram 1,1,213.9741415,214.0400548,326.241,765.957,480.469,439.716,0.0659,-61.54,1,445.312,-73.42,214.0104,-26.1,110.16,17,7,21,9
1677987881.170721090002.Table.1.selections,7,Spectrogram 1,1,218.6574985,218.7045795,92.199,539.007,199.219,446.809,0.0471,-53.15,1,199.219,-61.67,218.6771,-17.705,118.55,17,7,21,9
1677987881.170721090002.Table.1.selections,8,Spectrogram 1,1,247.3697387,247.4356521,78.014,546.099,222.656,468.085,0.0659,-58.46,2,175.781,-66.92,247.4062,-20.012,113.24,17,7,21,9
1677987881.170721090002.Table.1.selections,9,Spectrogram 1,1,264.1807972,264.2372943,453.901,971.631,644.531,517.73,0.0565,-58.53,1,621.094,-70.85,264.2135,-23.092,113.17,17,7,21,9
1677987881.170721090002.Table.1.selections,10,Spectrogram 1,1,279.681475,279.7379722,460.993,1106.383,679.688,645.39,0.0565,-55.25,1,621.094,-67.9,279.7083,-19.807,116.45,17,7,21,9
