File,Snaps
1677987881.170706210002.wav,1382
1677987881.170706211002.wav,1419
1677987881.170706212002.wav,1464
1677987881.170706213002.wav,1406
1677987881.170706214002.wav,1422
1677987881.170706215002.wav,1478
1677987881.170706220002.wav,1415
1677987881.170706221002.wav,1454
1677987881.170706222002.wav,1494
1677987881.170706223002.wav,1415
1677987881.170706224002.wav,1448
1677987881.170706225002.wav,1420
1677987881.170706230002.wav,1423
1677987881.170706231002.wav,1432
1677987881.170706232002.wav,1454
1677987881.170706233002.wav,1412
1677987881.170706234002.wav,1481
1677987881.170706235002.wav,1430
1677987881.170707000002.wav,1462
1677987881.170707001002.wav,1456
1677987881.170707002002.wav,1394
1677987881.170707003002.wav,1461
1677987881.170707004002.wav,1471
1677987881.170707005002.wav,1423
1677987881.170707010002.wav,1424
1677987881.170707011002.wav,1414
1677987881.170707012002.wav,1426
1677987881.170707013002.wav,1428
1677987881.170707014002.wav,1459
1677987881.170707015002.wav,1436
1677987881.170707020002.wav,1308
1677987881.170707021002.wav,1434
1677987881.170707022002.wav,1448
1677987881.170707023002.wav,1488
1677987881.170707024002.wav,1487
1677987881.170707025002.wav,1428
1677987881.170707030002.wav,1423
1677987881.170707031002.wav,1424
1677987881.170707032002.wav,1482
1677987881.170707033002.wav,1446
1677987881.170707034002.wav,1486
1677987881.170707035002.wav,1454
1677987881.170707040002.wav,1381
1677987881.170707041002.wav,1435
1677987881.170707042002.wav,1439
1677987881.170707043002.wav,1455
1677987881.170707044002.wav,1453
1677987881.170707045002.wav,1425
1677987881.170707050002.wav,1424
1677987881.170707051002.wav,1484
1677987881.170707052002.wav,1396
1677987881.170707053002.wav,1424
1677987881.170707054002.wav,1470
1677987881.170707055002.wav,1440
1677987881.170707060002.wav,1428
1677987881.170707061002.wav,1538
1677987881.170707062002.wav,1452
1677987881.170707063002.wav,1489
1677987881.170707064002.wav,1452
1677987881.170707065002.wav,1445
1677987881.170707070002.wav,1416
1677987881.170707071002.wav,1429
1677987881.170707072002.wav,1427
1677987881.170707073002.wav,1521
1677987881.170707074002.wav,1417
1677987881.170707075002.wav,1460
1677987881.170707080002.wav,1408
1677987881.170707081002.wav,1423
1677987881.170707082002.wav,1462
1677987881.170707083002.wav,1480
1677987881.170707084002.wav,1487
1677987881.170707085002.wav,1429
1677987881.170707090002.wav,1528
1677987881.170707091002.wav,1547
1677987881.170707092002.wav,1563
1677987881.170707093002.wav,1560
1677987881.170707094002.wav,1560
1677987881.170707095002.wav,1514
1677987881.170707100002.wav,1490
1677987881.170707101002.wav,1414
1677987881.170707102002.wav,1480
1677987881.170707103002.wav,1488
1677987881.170707104002.wav,1424
1677987881.170707105002.wav,1452
1677987881.170707110002.wav,1423
1677987881.170707111002.wav,1470
1677987881.170707112002.wav,1453
1677987881.170707113002.wav,1408
1677987881.170707114002.wav,1423
1677987881.170707115002.wav,1434
1677987881.170707120002.wav,1452
1677987881.170707121002.wav,1446
1677987881.170707122002.wav,1494
1677987881.170707123002.wav,1407
1677987881.170707124002.wav,1424
1677987881.170707125002.wav,1435
1677987881.170707130002.wav,1485
1677987881.170707131002.wav,1384
1677987881.170707132002.wav,1392
1677987881.170707133002.wav,1450
1677987881.170707134002.wav,1445
1677987881.170707135002.wav,1461
1677987881.170707140002.wav,1369
1677987881.170707141002.wav,1328
1677987881.170707142002.wav,1299
1677987881.170707143002.wav,1503
1677987881.170707144002.wav,1348
1677987881.170707145002.wav,1380
1677987881.170707150002.wav,1394
1677987881.170707151002.wav,1459
1677987881.170707152002.wav,1441
1677987881.170707153002.wav,1392
1677987881.170707154002.wav,1426
1677987881.170707155002.wav,1460
1677987881.170707160002.wav,1527
1677987881.170707161002.wav,1426
1677987881.170707162002.wav,1487
1677987881.170707163002.wav,1502
1677987881.170707164002.wav,1449
1677987881.170707165002.wav,1373
1677987881.170707170002.wav,1455
1677987881.170707171002.wav,1449
1677987881.170707172002.wav,1457
1677987881.170707173002.wav,1514
1677987881.170707174002.wav,1481
1677987881.170707175002.wav,1425
1677987881.170707180002.wav,1466
1677987881.170707181002.wav,1483
1677987881.170707182002.wav,1429
1677987881.170707183002.wav,1430
1677987881.170707184002.wav,1462
1677987881.170707185002.wav,1460
1677987881.170707190002.wav,1419
1677987881.170707191002.wav,1453
1677987881.170707192002.wav,1443
1677987881.170707193002.wav,1458
1677987881.170707194002.wav,1419
1677987881.170707195002.wav,1487
1677987881.170707200002.wav,1530
1677987881.170707201002.wav,1393
1677987881.170707202002.wav,1481
1677987881.170707203002.wav,1407
1677987881.170707204002.wav,1389
1677987881.170707205002.wav,1517
1677987881.170707210002.wav,1446
1677987881.170707211002.wav,1470
1677987881.170707212002.wav,1413
1677987881.170707213002.wav,1426
1677987881.170707214002.wav,1450
1677987881.170707215002.wav,1486
1677987881.170707220002.wav,1443
1677987881.170707221002.wav,1437
1677987881.170707222002.wav,1501
1677987881.170707223002.wav,1435
1677987881.170707224002.wav,1465
1677987881.170707225002.wav,1447
1677987881.170707230002.wav,1459
1677987881.170707231002.wav,1451
1677987881.170707232002.wav,1464
1677987881.170707233002.wav,1516
1677987881.170707234002.wav,1501
1677987881.170707235002.wav,1429
1677987881.170708000002.wav,1409
1677987881.170708001002.wav,1444
1677987881.170708002002.wav,1405
1677987881.170708003002.wav,1424
1677987881.170708004002.wav,1470
1677987881.170708005002.wav,1486
1677987881.170708010002.wav,1437
1677987881.170708011002.wav,1495
1677987881.170708012002.wav,1437
1677987881.170708013002.wav,1485
1677987881.170708014002.wav,1465
1677987881.170708015002.wav,1443
1677987881.170708020002.wav,1430
1677987881.170708021002.wav,1463
1677987881.170708022002.wav,1445
1677987881.170708023002.wav,1403
1677987881.170708024002.wav,1496
1677987881.170708025002.wav,1398
1677987881.170708030002.wav,1478
1677987881.170708031002.wav,1397
1677987881.170708032002.wav,1432
1677987881.170708033002.wav,1435
1677987881.170708034002.wav,1434
1677987881.170708035002.wav,1503
1677987881.170708040002.wav,1480
1677987881.170708041002.wav,1461
1677987881.170708042002.wav,1477
1677987881.170708043002.wav,1431
1677987881.170708044002.wav,1441
1677987881.170708045002.wav,1510
1677987881.170708050002.wav,1502
1677987881.170708051002.wav,1458
1677987881.170708052002.wav,1453
1677987881.170708053002.wav,1523
1677987881.170708054002.wav,1455
1677987881.170708055002.wav,1439
1677987881.170708060002.wav,1510
1677987881.170708061002.wav,1458
1677987881.170708062002.wav,1529
1677987881.170708063002.wav,1456
1677987881.170708064002.wav,1436
1677987881.170708065002.wav,1420
1677987881.170708070002.wav,1514
1677987881.170708071002.wav,1455
1677987881.170708072002.wav,1533
1677987881.170708073002.wav,1466
1677987881.170708074002.wav,1429
1677987881.170708075002.wav,1448
1677987881.170708080002.wav,1479
1677987881.170708081002.wav,1441
1677987881.170708082002.wav,1455
1677987881.170708083002.wav,1469
1677987881.170708084002.wav,1533
1677987881.170708085002.wav,1483
1677987881.170708090002.wav,1543
1677987881.170708091002.wav,1544
1677987881.170708092002.wav,1547
1677987881.170708093002.wav,1505
1677987881.170708094002.wav,1481
1677987881.170708095002.wav,1489
1677987881.170708100002.wav,1465
1677987881.170708101002.wav,1456
1677987881.170708102002.wav,1457
1677987881.170708103002.wav,1474
1677987881.170708104002.wav,1476
1677987881.170708105002.wav,1482
1677987881.170708110002.wav,1491
1677987881.170708111002.wav,1449
1677987881.170708112002.wav,1200
1677987881.170708113002.wav,1480
1677987881.170708114002.wav,1508
1677987881.170708115002.wav,1402
1677987881.170708120002.wav,1479
1677987881.170708121002.wav,1489
1677987881.170708122002.wav,1463
1677987881.170708123002.wav,1458
1677987881.170708124002.wav,1282
1677987881.170708125002.wav,1422
1677987881.170708130002.wav,1458
1677987881.170708131002.wav,1537
1677987881.170708132002.wav,1455
1677987881.170708133002.wav,1455
1677987881.170708134002.wav,1507
1677987881.170708135002.wav,1479
1677987881.170708140002.wav,1413
1677987881.170708141002.wav,1411
1677987881.170708142002.wav,1463
1677987881.170708143002.wav,1410
1677987881.170708144002.wav,1443
1677987881.170708145002.wav,1476
1677987881.170708150002.wav,1450
1677987881.170708151002.wav,1476
1677987881.170708152002.wav,1463
1677987881.170708153002.wav,1487
1677987881.170708154002.wav,1409
1677987881.170708155002.wav,1451
1677987881.170708160002.wav,1439
1677987881.170708161002.wav,1499
1677987881.170708162002.wav,1486
1677987881.170708163002.wav,1424
1677987881.170708164002.wav,1498
1677987881.170708165002.wav,1287
1677987881.170708170002.wav,1479
1677987881.170708171002.wav,1495
1677987881.170708172002.wav,1387
1677987881.170708173002.wav,1439
1677987881.170708174002.wav,1459
1677987881.170708175002.wav,1392
1677987881.170708180004.wav,1453
1677987881.170708181002.wav,1438
1677987881.170708182002.wav,1469
1677987881.170708183002.wav,1392
1677987881.170708184002.wav,1473
1677987881.170708185002.wav,1518
1677987881.170708190002.wav,1411
1677987881.170708191002.wav,1516
1677987881.170708192002.wav,1422
1677987881.170708193002.wav,1451
1677987881.170708194002.wav,1493
1677987881.170708195002.wav,1472
1677987881.170708200002.wav,1431
1677987881.170708201002.wav,1480
1677987881.170708202002.wav,1403
1677987881.170708203002.wav,1465
1677987881.170708204002.wav,1430
1677987881.170708205002.wav,1456
1677987881.170708210002.wav,1416
1677987881.170708211002.wav,1466
1677987881.170708212002.wav,1506
1677987881.170708213002.wav,1515
1677987881.170708214002.wav,1529
1677987881.170708215002.wav,1495
1677987881.170708220002.wav,1450
1677987881.170708221002.wav,1553
1677987881.170708222002.wav,1492
1677987881.170708223002.wav,1497
1677987881.170708224002.wav,1494
1677987881.170708225002.wav,1462
1677987881.170708230002.wav,1486
1677987881.170708231002.wav,1477
1677987881.170708232002.wav,1440
1677987881.170708233002.wav,1425
1677987881.170708234002.wav,1403
1677987881.170708235002.wav,1494
1677987881.170709000002.wav,1479
1677987881.170709001002.wav,1459
1677987881.170709002002.wav,1410
1677987881.170709003002.wav,1461
1677987881.170709004002.wav,1425
1677987881.170709005002.wav,1445
1677987881.170709010002.wav,1472
1677987881.170709011002.wav,1467
1677987881.170709012002.wav,1461
1677987881.170709013002.wav,1437
1677987881.170709014002.wav,1438
1677987881.170709015002.wav,1465
1677987881.170709020002.wav,1487
1677987881.170709021002.wav,1463
1677987881.170709022002.wav,1461
1677987881.170709023002.wav,1442
1677987881.170709024002.wav,1463
1677987881.170709025002.wav,1473
1677987881.170709030002.wav,1439
1677987881.170709031002.wav,1444
1677987881.170709032002.wav,1465
1677987881.170709033002.wav,1447
1677987881.170709034002.wav,1462
1677987881.170709035002.wav,1506
1677987881.170709040002.wav,1519
1677987881.170709041002.wav,1470
1677987881.170709042002.wav,1480
1677987881.170709043002.wav,1527
1677987881.170709044002.wav,1497
1677987881.170709045002.wav,1434
1677987881.170709050002.wav,1525
1677987881.170709051002.wav,1481
1677987881.170709052002.wav,1432
1677987881.170709053002.wav,1474
1677987881.170709054002.wav,1446
1677987881.170709055002.wav,1475
1677987881.170709060002.wav,1473
1677987881.170709061002.wav,1500
1677987881.170709062002.wav,1464
1677987881.170709063002.wav,1484
1677987881.170709064002.wav,1421
1677987881.170709065002.wav,1492
1677987881.170709070002.wav,1436
1677987881.170709071002.wav,1418
1677987881.170709072002.wav,1473
1677987881.170709073002.wav,1501
1677987881.170709074002.wav,1429
1677987881.170709075002.wav,1530
1677987881.170709080002.wav,1412
1677987881.170709081002.wav,1486
1677987881.170709082002.wav,1450
1677987881.170709083002.wav,1464
1677987881.170709084002.wav,1473
1677987881.170709085002.wav,1504
1677987881.170709090002.wav,1518
1677987881.170709091002.wav,1547
1677987881.170709092002.wav,1504
1677987881.170709093002.wav,1513
1677987881.170709094002.wav,1424
1677987881.170709095002.wav,1479
1677987881.170709100002.wav,1468
1677987881.170709101002.wav,1504
1677987881.170709102002.wav,1432
1677987881.170709103002.wav,1516
1677987881.170709104002.wav,1483
1677987881.170709105002.wav,1545
1677987881.170709110002.wav,1487
1677987881.170709111002.wav,1433
1677987881.170709112002.wav,1454
1677987881.170709113002.wav,1469
1677987881.170709114002.wav,1477
1677987881.170709115002.wav,1524
1677987881.170709120002.wav,1429
1677987881.170709121002.wav,1448
1677987881.170709122002.wav,1468
1677987881.170709123002.wav,1514
1677987881.170709124002.wav,1447
1677987881.170709125002.wav,1476
1677987881.170709130002.wav,1478
1677987881.170709131002.wav,1470
1677987881.170709132002.wav,1465
1677987881.170709133002.wav,1446
1677987881.170709134002.wav,1480
1677987881.170709135002.wav,1425
1677987881.170709140002.wav,1450
1677987881.170709141002.wav,1501
1677987881.170709142002.wav,1455
1677987881.170709143002.wav,1409
1677987881.170709144002.wav,1419
1677987881.170709145002.wav,1383
1677987881.170709150002.wav,1486
1677987881.170709151002.wav,1438
1677987881.170709152002.wav,1456
1677987881.170709153002.wav,1463
1677987881.170709154002.wav,1456
1677987881.170709155002.wav,1395
1677987881.170709160002.wav,1513
1677987881.170709161002.wav,1449
1677987881.170709162002.wav,1416
1677987881.170709163002.wav,1433
1677987881.170709164002.wav,1410
1677987881.170709165002.wav,1410
1677987881.170709170002.wav,1406
1677987881.170709171002.wav,1401
1677987881.170709172002.wav,1410
1677987881.170709173002.wav,1354
1677987881.170709174002.wav,1383
1677987881.170709175002.wav,1464
1677987881.170709180002.wav,1408
1677987881.170709181002.wav,1452
1677987881.170709182002.wav,1413
1677987881.170709183002.wav,1420
1677987881.170709184002.wav,1420
1677987881.170709185002.wav,1505
1677987881.170709190002.wav,1396
1677987881.170709191002.wav,1379
1677987881.170709192002.wav,1462
1677987881.170709193002.wav,1507
1677987881.170709194002.wav,1444
1677987881.170709195002.wav,1415
1677987881.170709200002.wav,1501
1677987881.170709201002.wav,1458
1677987881.170709202002.wav,1418
1677987881.170709203002.wav,1436
1677987881.170709204002.wav,1415
1677987881.170709205002.wav,1443
1677987881.170709210002.wav,1445
1677987881.170709211002.wav,1446
1677987881.170709212002.wav,1441
1677987881.170709213002.wav,1467
1677987881.170709214002.wav,1505
1677987881.170709215002.wav,1537
1677987881.170709220002.wav,1516
1677987881.170709221002.wav,1517
1677987881.170709222002.wav,1485
1677987881.170709223002.wav,1474
1677987881.170709224002.wav,1394
1677987881.170709225002.wav,1445
1677987881.170709230002.wav,1453
1677987881.170709231002.wav,1459
1677987881.170709232002.wav,1502
1677987881.170709233002.wav,1461
1677987881.170709234002.wav,1475
1677987881.170709235002.wav,1475
1677987881.170710000002.wav,1487
1677987881.170710001002.wav,1443
1677987881.170710002002.wav,1407
1677987881.170710003002.wav,1467
1677987881.170710004002.wav,1497
1677987881.170710005002.wav,1432
1677987881.170710010002.wav,1510
1677987881.170710011002.wav,1455
1677987881.170710012002.wav,1459
1677987881.170710013002.wav,1458
1677987881.170710014002.wav,1480
1677987881.170710015002.wav,1466
1677987881.170710020002.wav,1427
1677987881.170710021002.wav,1442
1677987881.170710022002.wav,1497
1677987881.170710023002.wav,1487
1677987881.170710024002.wav,1430
1677987881.170710025002.wav,1503
1677987881.170710030002.wav,1474
1677987881.170710031002.wav,1489
1677987881.170710032002.wav,1473
1677987881.170710033002.wav,1504
1677987881.170710034002.wav,1373
1677987881.170710035002.wav,1483
1677987881.170710040002.wav,1565
1677987881.170710041002.wav,1454
1677987881.170710042002.wav,1520
1677987881.170710043002.wav,1401
1677987881.170710044002.wav,1469
1677987881.170710045002.wav,1434
1677987881.170710050002.wav,1512
1677987881.170710051002.wav,1442
1677987881.170710052002.wav,1445
1677987881.170710053002.wav,1461
1677987881.170710054002.wav,1505
1677987881.170710055002.wav,1477
1677987881.170710060002.wav,1453
1677987881.170710061002.wav,1436
1677987881.170710062002.wav,1492
1677987881.170710063002.wav,1451
1677987881.170710064002.wav,1497
1677987881.170710065002.wav,1409
1677987881.170710070002.wav,1520
1677987881.170710071002.wav,1364
1677987881.170710072002.wav,1504
1677987881.170710073002.wav,1528
1677987881.170710074002.wav,1499
1677987881.170710075002.wav,1534
1677987881.170710080002.wav,1497
1677987881.170710081002.wav,1467
1677987881.170710082002.wav,1453
1677987881.170710083002.wav,1498
1677987881.170710084002.wav,1457
1677987881.170710085002.wav,1531
1677987881.170710090002.wav,1499
1677987881.170710091002.wav,1542
1677987881.170710092002.wav,1535
1677987881.170710093002.wav,1525
1677987881.170710094002.wav,1438
1677987881.170710095002.wav,1498
1677987881.170710100002.wav,1521
1677987881.170710101002.wav,1526
1677987881.170710102002.wav,1490
1677987881.170710103002.wav,1457
1677987881.170710104002.wav,1455
1677987881.170710105002.wav,1459
1677987881.170710110002.wav,1426
1677987881.170710111002.wav,1471
1677987881.170710112002.wav,1503
1677987881.170710113002.wav,1475
1677987881.170710114002.wav,1482
1677987881.170710115002.wav,1403
1677987881.170710120002.wav,1383
1677987881.170710121002.wav,1541
1677987881.170710122002.wav,1456
1677987881.170710123002.wav,1472
1677987881.170710124002.wav,1400
1677987881.170710125002.wav,1436
1677987881.170710130002.wav,1512
1677987881.170710131002.wav,1509
1677987881.170710132002.wav,1451
1677987881.170710133002.wav,1394
1677987881.170710134002.wav,1426
1677987881.170710135002.wav,1449
1677987881.170710140002.wav,1427
1677987881.170710141002.wav,1420
1677987881.170710142002.wav,1344
1677987881.170710143002.wav,1334
1677987881.170710144002.wav,1307
1677987881.170710145002.wav,1435
1677987881.170710150002.wav,1400
1677987881.170710151002.wav,1403
1677987881.170710152002.wav,1447
1677987881.170710153002.wav,1423
1677987881.170710154003.wav,1479
1677987881.170710155002.wav,1459
1677987881.170710160002.wav,1477
1677987881.170710161002.wav,1418
1677987881.170710162002.wav,1451
1677987881.170710163002.wav,1496
1677987881.170710164002.wav,1509
1677987881.170710165002.wav,1446
1677987881.170710170002.wav,1460
1677987881.170710171002.wav,1533
1677987881.170710172002.wav,1404
1677987881.170710173002.wav,1446
1677987881.170710174002.wav,1474
1677987881.170710175002.wav,1445
1677987881.170710180002.wav,1423
1677987881.170710181002.wav,1435
1677987881.170710182002.wav,1482
1677987881.170710183002.wav,1442
1677987881.170710184002.wav,1430
1677987881.170710185002.wav,1486
1677987881.170710190002.wav,1399
1677987881.170710191002.wav,1447
1677987881.170710192002.wav,1440
1677987881.170710193002.wav,1447
1677987881.170710194002.wav,1400
1677987881.170710195002.wav,1483
1677987881.170710200002.wav,1424
1677987881.170710201002.wav,1472
1677987881.170710202002.wav,1488
1677987881.170710203002.wav,1426
1677987881.170710204002.wav,1448
1677987881.170710205002.wav,1427
1677987881.170710210002.wav,1477
1677987881.170710211002.wav,1442
1677987881.170710212002.wav,1520
1677987881.170710213002.wav,1467
1677987881.170710214002.wav,1504
1677987881.170710215002.wav,1483
1677987881.170710220002.wav,1517
1677987881.170710221002.wav,1401
1677987881.170710222002.wav,1495
1677987881.170710223002.wav,1438
1677987881.170710224002.wav,1444
1677987881.170710225002.wav,1449
1677987881.170710230002.wav,1519
1677987881.170710231002.wav,1450
1677987881.170710232002.wav,1489
1677987881.170710233002.wav,1456
1677987881.170710234002.wav,1478
1677987881.170710235002.wav,1453
1677987881.170711000002.wav,1365
1677987881.170711001002.wav,1472
1677987881.170711002002.wav,1421
1677987881.170711003002.wav,1459
1677987881.170711004002.wav,1536
1677987881.170711005002.wav,1490
1677987881.170711010002.wav,1406
1677987881.170711011002.wav,1517
1677987881.170711012002.wav,1469
1677987881.170711013002.wav,1463
1677987881.170711014002.wav,1412
1677987881.170711015002.wav,1467
1677987881.170711020002.wav,1443
1677987881.170711021002.wav,1453
1677987881.170711022002.wav,1423
1677987881.170711023002.wav,1459
1677987881.170711024002.wav,1430
1677987881.170711025002.wav,1403
1677987881.170711030002.wav,1476
1677987881.170711031002.wav,1376
1677987881.170711032002.wav,1484
1677987881.170711033002.wav,1482
1677987881.170711034002.wav,1458
1677987881.170711035002.wav,1469
1677987881.170711040002.wav,1537
1677987881.170711041002.wav,1444
1677987881.170711042002.wav,1469
1677987881.170711043002.wav,1384
1677987881.170711044002.wav,1433
1677987881.170711045002.wav,1448
1677987881.170711050002.wav,1461
1677987881.170711051002.wav,1485
1677987881.170711052002.wav,1489
1677987881.170711053002.wav,1456
1677987881.170711054002.wav,1451
1677987881.170711055002.wav,1460
1677987881.170711060002.wav,1446
1677987881.170711061002.wav,1489
1677987881.170711062002.wav,1465
1677987881.170711063002.wav,1405
1677987881.170711064002.wav,1398
1677987881.170711065002.wav,1468
1677987881.170711070002.wav,1429
1677987881.170711071002.wav,1480
1677987881.170711072002.wav,1428
1677987881.170711073002.wav,1480
1677987881.170711074002.wav,1429
1677987881.170711075002.wav,1451
1677987881.170711080002.wav,1469
1677987881.170711081002.wav,1458
1677987881.170711082002.wav,1505
1677987881.170711083002.wav,1439
1677987881.170711084002.wav,1484
1677987881.170711085002.wav,1434
1677987881.170711090002.wav,1492
1677987881.170711091002.wav,1522
1677987881.170711092002.wav,1569
1677987881.170711093002.wav,1486
1677987881.170711094002.wav,1417
1677987881.170711095002.wav,1484
1677987881.170711100002.wav,1507
1677987881.170711101002.wav,1473
1677987881.170711102002.wav,1446
1677987881.170711103002.wav,1486
1677987881.170711104002.wav,1465
1677987881.170711105002.wav,1468
1677987881.170711110002.wav,1423
1677987881.170711111002.wav,1482
1677987881.170711112002.wav,1527
1677987881.170711113002.wav,1495
1677987881.170711114002.wav,1479
1677987881.170711115002.wav,1478
1677987881.170711120002.wav,1438
1677987881.170711121002.wav,1437
1677987881.170711122002.wav,1474
1677987881.170711123002.wav,1404
1677987881.170711124002.wav,1502
1677987881.170711125002.wav,1492
1677987881.170711130002.wav,1410
1677987881.170711131002.wav,1472
1677987881.170711132002.wav,1515
1677987881.170711133002.wav,1431
1677987881.170711134002.wav,1470
1677987881.170711135002.wav,1437
1677987881.170711140002.wav,1543
1677987881.170711141002.wav,1423
1677987881.170711142002.wav,1490
1677987881.170711143002.wav,1385
1677987881.170711144002.wav,1461
1677987881.170711145002.wav,1431
1677987881.170711150002.wav,1468
1677987881.170711151002.wav,1486
1677987881.170711152002.wav,1414
1677987881.170711153002.wav,1449
1677987881.170711154002.wav,1447
1677987881.170711155002.wav,1451
1677987881.170711160002.wav,1508
1677987881.170711161002.wav,1483
1677987881.170711162002.wav,1494
1677987881.170711163002.wav,1438
1677987881.170711164002.wav,1476
1677987881.170711165002.wav,1436
1677987881.170711170002.wav,1434
1677987881.170711171002.wav,1433
1677987881.170711172002.wav,1438
1677987881.170711173002.wav,1408
1677987881.170711174002.wav,1353
1677987881.170711175002.wav,1500
1677987881.170711180002.wav,1448
1677987881.170711181002.wav,1467
1677987881.170711182002.wav,1424
1677987881.170711183002.wav,1408
1677987881.170711184002.wav,1455
1677987881.170711185002.wav,1487
1677987881.170711190002.wav,1407
1677987881.170711191002.wav,1434
1677987881.170711192002.wav,1453
1677987881.170711193002.wav,1444
1677987881.170711194002.wav,1422
1677987881.170711195002.wav,1433
1677987881.170711200002.wav,1368
1677987881.170711201002.wav,1441
1677987881.170711202002.wav,1474
1677987881.170711203002.wav,1397
1677987881.170711204002.wav,1496
1677987881.170711205002.wav,1404
1677987881.170711210002.wav,1468
1677987881.170711211002.wav,1415
1677987881.170711212002.wav,1506
1677987881.170711213002.wav,1512
1677987881.170711214002.wav,1496
1677987881.170711215002.wav,1479
1677987881.170711220002.wav,1490
1677987881.170711221002.wav,1500
1677987881.170711222002.wav,1508
1677987881.170711223002.wav,1513
1677987881.170711224002.wav,1505
1677987881.170711225002.wav,1470
1677987881.170711230002.wav,1403
1677987881.170711231002.wav,1439
1677987881.170711232002.wav,1481
1677987881.170711233002.wav,1483
1677987881.170711234002.wav,1482
1677987881.170711235002.wav,1493
1677987881.170712000002.wav,1512
1677987881.170712001002.wav,1466
1677987881.170712002002.wav,1485
1677987881.170712003002.wav,1459
1677987881.170712004002.wav,1484
1677987881.170712005002.wav,1446
1677987881.170712010002.wav,1518
1677987881.170712011002.wav,1509
1677987881.170712012002.wav,1478
1677987881.170712013002.wav,1427
1677987881.170712014002.wav,1457
1677987881.170712015002.wav,1503
1677987881.170712020002.wav,1451
1677987881.170712021002.wav,1454
1677987881.170712022002.wav,1473
1677987881.170712023002.wav,1510
1677987881.170712024002.wav,1422
1677987881.170712025002.wav,1476
1677987881.170712030002.wav,1500
1677987881.170712031002.wav,1488
1677987881.170712032002.wav,1522
1677987881.170712033002.wav,1549
1677987881.170712034002.wav,1501
1677987881.170712035002.wav,1462
1677987881.170712040002.wav,1510
1677987881.170712041002.wav,1458
1677987881.170712042002.wav,1479
1677987881.170712043002.wav,1455
1677987881.170712044002.wav,1460
1677987881.170712045002.wav,1488
1677987881.170712050002.wav,1479
1677987881.170712051002.wav,1523
1677987881.170712052002.wav,1437
1677987881.170712053002.wav,1445
1677987881.170712054002.wav,1402
1677987881.170712055002.wav,1436
1677987881.170712060002.wav,1493
1677987881.170712061002.wav,1452
1677987881.170712062002.wav,1512
1677987881.170712063002.wav,1429
1677987881.170712064002.wav,1440
1677987881.170712065002.wav,1495
1677987881.170712070002.wav,1460
1677987881.170712071002.wav,1489
1677987881.170712072002.wav,1538
1677987881.170712073002.wav,1437
1677987881.170712074002.wav,1469
1677987881.170712075002.wav,1543
1677987881.170712080002.wav,1448
1677987881.170712081002.wav,1473
1677987881.170712082002.wav,1436
1677987881.170712083002.wav,1475
1677987881.170712084002.wav,1443
1677987881.170712085002.wav,1514
1677987881.170712090002.wav,1450
1677987881.170712091002.wav,1477
1677987881.170712092002.wav,1504
1677987881.170712093002.wav,1487
1677987881.170712094002.wav,1462
1677987881.170712095002.wav,1466
1677987881.170712100002.wav,1468
1677987881.170712101002.wav,1430
1677987881.170712102002.wav,1470
1677987881.170712103002.wav,1495
1677987881.170712104002.wav,1427
1677987881.170712105002.wav,1465
1677987881.170712110002.wav,1440
1677987881.170712111002.wav,1451
1677987881.170712112002.wav,1431
1677987881.170712113002.wav,1471
1677987881.170712114002.wav,1427
1677987881.170712115002.wav,1441
1677987881.170712120002.wav,1507
1677987881.170712121002.wav,1494
1677987881.170712122002.wav,1418
1677987881.170712123002.wav,1453
1677987881.170712124002.wav,1498
1677987881.170712125002.wav,1401
1677987881.170712130002.wav,1420
1677987881.170712131002.wav,1474
1677987881.170712132003.wav,1495
1677987881.170712133002.wav,1444
1677987881.170712134002.wav,1471
1677987881.170712135002.wav,1432
1677987881.170712140002.wav,1442
1677987881.170712141002.wav,1483
1677987881.170712142002.wav,1407
1677987881.170712143002.wav,1460
1677987881.170712144002.wav,1419
1677987881.170712145002.wav,1426
1677987881.170712150002.wav,1486
1677987881.170712151002.wav,1350
1677987881.170712152002.wav,1445
1677987881.170712153002.wav,1513
1677987881.170712154002.wav,1473
1677987881.170712155002.wav,1441
1677987881.170712160002.wav,1515
1677987881.170712161002.wav,1425
1677987881.170712162002.wav,1432
1677987881.170712163002.wav,1449
1677987881.170712164002.wav,1395
1677987881.170712165002.wav,1389
1677987881.170712170002.wav,1416
1677987881.170712171002.wav,1408
1677987881.170712172002.wav,1449
1677987881.170712173002.wav,1460
1677987881.170712174002.wav,1469
1677987881.170712175002.wav,1495
1677987881.170712180002.wav,1428
1677987881.170712181002.wav,1469
1677987881.170712182002.wav,1432
1677987881.170712183002.wav,1405
1677987881.170712184002.wav,1451
1677987881.170712185002.wav,1478
1677987881.170712190002.wav,1461
1677987881.170712191002.wav,1401
1677987881.170712192002.wav,1414
1677987881.170712193002.wav,1434
1677987881.170712194002.wav,1391
1677987881.170712195002.wav,1406
1677987881.170712200002.wav,1431
1677987881.170712201002.wav,1394
1677987881.170712202002.wav,1440
1677987881.170712203002.wav,1452
1677987881.170712204002.wav,1463
1677987881.170712205002.wav,1429
1677987881.170712210002.wav,1470
1677987881.170712211002.wav,1468
1677987881.170712212002.wav,1463
1677987881.170712213002.wav,1422
1677987881.170712214002.wav,1489
1677987881.170712215002.wav,1542
1677987881.170712220002.wav,1525
1677987881.170712221002.wav,1468
1677987881.170712222002.wav,1592
1677987881.170712223002.wav,1447
1677987881.170712224002.wav,1465
1677987881.170712225002.wav,1436
1677987881.170712230002.wav,1432
1677987881.170712231002.wav,1465
1677987881.170712232002.wav,1463
1677987881.170712233002.wav,1526
1677987881.170712234002.wav,1450
1677987881.170712235002.wav,1472
1677987881.170713000002.wav,1471
1677987881.170713001002.wav,1411
1677987881.170713002002.wav,1430
1677987881.170713003002.wav,1416
1677987881.170713004002.wav,1477
1677987881.170713005002.wav,1499
1677987881.170713010002.wav,1512
1677987881.170713011002.wav,1445
1677987881.170713012002.wav,1518
1677987881.170713013002.wav,1495
1677987881.170713014002.wav,1486
1677987881.170713015002.wav,1453
1677987881.170713020002.wav,1440
1677987881.170713021002.wav,1542
1677987881.170713022002.wav,1453
1677987881.170713023002.wav,1466
1677987881.170713024002.wav,1469
1677987881.170713025002.wav,1407
1677987881.170713030002.wav,1512
1677987881.170713031002.wav,1435
1677987881.170713032002.wav,1467
1677987881.170713033002.wav,1490
1677987881.170713034002.wav,1408
1677987881.170713035002.wav,1480
1677987881.170713040002.wav,1449
1677987881.170713041002.wav,1410
1677987881.170713042002.wav,1459
1677987881.170713043002.wav,1456
1677987881.170713044002.wav,1416
1677987881.170713045002.wav,1474
1677987881.170713050002.wav,1434
1677987881.170713051002.wav,1384
1677987881.170713052002.wav,1429
1677987881.170713053002.wav,1395
1677987881.170713054002.wav,1485
1677987881.170713055002.wav,1404
1677987881.170713060002.wav,1448
1677987881.170713061002.wav,1455
1677987881.170713062002.wav,1444
1677987881.170713063002.wav,1453
1677987881.170713064002.wav,1449
1677987881.170713065002.wav,1440
1677987881.170713070002.wav,1503
1677987881.170713071002.wav,1456
1677987881.170713072002.wav,1465
1677987881.170713073002.wav,1513
1677987881.170713074002.wav,1480
1677987881.170713075002.wav,1463
1677987881.170713080002.wav,1547
1677987881.170713081002.wav,1449
1677987881.170713082002.wav,1364
1677987881.170713083002.wav,1376
1677987881.170713084002.wav,1494
1677987881.170713085002.wav,1439
1677987881.170713090002.wav,1498
1677987881.170713091002.wav,1530
1677987881.170713092002.wav,1505
1677987881.170713093002.wav,1485
1677987881.170713094002.wav,1435
1677987881.170713095002.wav,1469
1677987881.170713100002.wav,1503
1677987881.170713101002.wav,1505
1677987881.170713102002.wav,1478
1677987881.170713103002.wav,1433
1677987881.170713104002.wav,1443
1677987881.170713105002.wav,1486
1677987881.170713110002.wav,1433
1677987881.170713111002.wav,1438
1677987881.170713112002.wav,1485
1677987881.170713113002.wav,1455
1677987881.170713114002.wav,1500
1677987881.170713115002.wav,1480
1677987881.170713120002.wav,1423
1677987881.170713121002.wav,1495
1677987881.170713122002.wav,1481
1677987881.170713123002.wav,1505
1677987881.170713124002.wav,1452
1677987881.170713125002.wav,1444
1677987881.170713130002.wav,1498
1677987881.170713131002.wav,1505
1677987881.170713132002.wav,1460
1677987881.170713133002.wav,1443
1677987881.170713134002.wav,1476
1677987881.170713135002.wav,1494
1677987881.170713140002.wav,1460
1677987881.170713141002.wav,1431
1677987881.170713142002.wav,1439
1677987881.170713143002.wav,1477
1677987881.170713144002.wav,1389
1677987881.170713145002.wav,1454
1677987881.170713150002.wav,1466
1677987881.170713151002.wav,1433
1677987881.170713152002.wav,1413
1677987881.170713153002.wav,1451
1677987881.170713154002.wav,1493
1677987881.170713155002.wav,1189
1677987881.170713160002.wav,1464
1677987881.170713161002.wav,1403
1677987881.170713162002.wav,1455
1677987881.170713163002.wav,1339
1677987881.170713164002.wav,1422
1677987881.170713165002.wav,1431
1677987881.170713170002.wav,1431
1677987881.170713171002.wav,1419
1677987881.170713172002.wav,1431
1677987881.170713173002.wav,1427
1677987881.170713174002.wav,1429
1677987881.170713175002.wav,1453
1677987881.170713180002.wav,1494
1677987881.170713181002.wav,1400
1677987881.170713182002.wav,1372
1677987881.170713183002.wav,1463
1677987881.170713184002.wav,1407
1677987881.170713185002.wav,1430
1677987881.170713190002.wav,1415
1677987881.170713191002.wav,1460
1677987881.170713192002.wav,1431
1677987881.170713193002.wav,1435
1677987881.170713194002.wav,1458
1677987881.170713195002.wav,1359
1677987881.170713201002.wav,1418
1677987881.170713202002.wav,1397
1677987881.170713203002.wav,1427
1677987881.170713204002.wav,1450
1677987881.170713205002.wav,1464
1677987881.170713210002.wav,1415
1677987881.170713211002.wav,1499
1677987881.170713212002.wav,1487
1677987881.170713213002.wav,1497
1677987881.170713214002.wav,1499
1677987881.170713215002.wav,1532
1677987881.170713220002.wav,1548
1677987881.170713221002.wav,1496
1677987881.170713222002.wav,1478
1677987881.170713223002.wav,1511
1677987881.170713224002.wav,1558
1677987881.170713225002.wav,1546
1677987881.170713230002.wav,1508
1677987881.170713231002.wav,1510
1677987881.170713232002.wav,1450
1677987881.170713233002.wav,1448
1677987881.170713234002.wav,1436
1677987881.170713235002.wav,1462
1677987881.170714000002.wav,1502
1677987881.170714001002.wav,1470
1677987881.170714002002.wav,1483
1677987881.170714003002.wav,1482
1677987881.170714004002.wav,1482
1677987881.170714005002.wav,1484
1677987881.170714010002.wav,1474
1677987881.170714011002.wav,1455
1677987881.170714012002.wav,1463
1677987881.170714013002.wav,1441
1677987881.170714014002.wav,1500
1677987881.170714015002.wav,1539
1677987881.170714020002.wav,1512
1677987881.170714021002.wav,1448
1677987881.170714022002.wav,1496
1677987881.170714023002.wav,1445
1677987881.170714024002.wav,1448
1677987881.170714025002.wav,1494
1677987881.170714030002.wav,1510
1677987881.170714031002.wav,1457
1677987881.170714032002.wav,1507
1677987881.170714033002.wav,1487
1677987881.170714034002.wav,1493
1677987881.170714035002.wav,1480
1677987881.170714040002.wav,1535
1677987881.170714041002.wav,1535
1677987881.170714042002.wav,1531
1677987881.170714043002.wav,1450
1677987881.170714044002.wav,1481
1677987881.170714045002.wav,1418
1677987881.170714050002.wav,1487
1677987881.170714051002.wav,1455
1677987881.170714052002.wav,1456
1677987881.170714053002.wav,1525
1677987881.170714054002.wav,1457
1677987881.170714055002.wav,1497
1677987881.170714060002.wav,1415
1677987881.170714061002.wav,1445
1677987881.170714062002.wav,1501
1677987881.170714063002.wav,1464
1677987881.170714064002.wav,1387
1677987881.170714065002.wav,1509
1677987881.170714070002.wav,1459
1677987881.170714071002.wav,1510
1677987881.170714072002.wav,1423
1677987881.170714073002.wav,1458
1677987881.170714074002.wav,1444
1677987881.170714075002.wav,1490
1677987881.170714080002.wav,1429
1677987881.170714081002.wav,1434
1677987881.170714082002.wav,1505
1677987881.170714083002.wav,1508
1677987881.170714084002.wav,1491
1677987881.170714085002.wav,1468
1677987881.170714090002.wav,1495
1677987881.170714091002.wav,1485
1677987881.170714092002.wav,1528
1677987881.170714093002.wav,1492
1677987881.170714094002.wav,1525
1677987881.170714095002.wav,1472
1677987881.170714100002.wav,1406
1677987881.170714101002.wav,1440
1677987881.170714102002.wav,1464
1677987881.170714103002.wav,1451
1677987881.170714104002.wav,1439
1677987881.170714105002.wav,1535
1677987881.170714110002.wav,1483
1677987881.170714111002.wav,1382
1677987881.170714112002.wav,1495
1677987881.170714113002.wav,1470
1677987881.170714114002.wav,1490
1677987881.170714115002.wav,1466
1677987881.170714120002.wav,1410
1677987881.170714121002.wav,1457
1677987881.170714122002.wav,1430
1677987881.170714123002.wav,1414
1677987881.170714124002.wav,1478
1677987881.170714125002.wav,1377
1677987881.170714130002.wav,1490
1677987881.170714131002.wav,1462
1677987881.170714132002.wav,1517
1677987881.170714133002.wav,1388
1677987881.170714134002.wav,1479
1677987881.170714135002.wav,1512
1677987881.170714140002.wav,1567
1677987881.170714141002.wav,1422
1677987881.170714142002.wav,1414
1677987881.170714143002.wav,1433
1677987881.170714144002.wav,1533
1677987881.170714145002.wav,1427
1677987881.170714150002.wav,1456
1677987881.170714151002.wav,1393
1677987881.170714152002.wav,1390
1677987881.170714153002.wav,1419
1677987881.170714154002.wav,1399
1677987881.170714155002.wav,1465
1677987881.170714160002.wav,1418
1677987881.170714161002.wav,1422
1677987881.170714162002.wav,1444
1677987881.170714163002.wav,1424
1677987881.170714164002.wav,1473
1677987881.170714165002.wav,1447
1677987881.170714170002.wav,1438
1677987881.170714171002.wav,1429
1677987881.170714172002.wav,1465
1677987881.170714173002.wav,1475
1677987881.170714174002.wav,1533
1677987881.170714175002.wav,1470
1677987881.170714180002.wav,1442
1677987881.170714181002.wav,1393
1677987881.170714182002.wav,1445
1677987881.170714183002.wav,1425
1677987881.170714184002.wav,1470
1677987881.170714185002.wav,1415
1677987881.170714190002.wav,1475
1677987881.170714191002.wav,1477
1677987881.170714192002.wav,1479
1677987881.170714193002.wav,1424
1677987881.170714194002.wav,1436
1677987881.170714195002.wav,1433
1677987881.170714200002.wav,1474
1677987881.170714201002.wav,1433
1677987881.170714202002.wav,1405
1677987881.170714203002.wav,1469
1677987881.170714204002.wav,1442
1677987881.170714205002.wav,1366
1677987881.170714210002.wav,1467
1677987881.170714211002.wav,1438
1677987881.170714212002.wav,1507
1677987881.170714213002.wav,1436
1677987881.170714214002.wav,1519
1677987881.170714215002.wav,1523
1677987881.170714220002.wav,1528
1677987881.170714221002.wav,1568
1677987881.170714222002.wav,1586
1677987881.170714223002.wav,1506
1677987881.170714224002.wav,1575
1677987881.170714225002.wav,1519
1677987881.170714230002.wav,1502
1677987881.170714231002.wav,1502
1677987881.170714232002.wav,1506
1677987881.170714233002.wav,1477
1677987881.170714234002.wav,1481
1677987881.170714235002.wav,1447
1677987881.170715000002.wav,1450
1677987881.170715001002.wav,1498
1677987881.170715002002.wav,1484
1677987881.170715003002.wav,1496
1677987881.170715004002.wav,1511
1677987881.170715005002.wav,1550
1677987881.170715010002.wav,1501
1677987881.170715011002.wav,1483
1677987881.170715012002.wav,1492
1677987881.170715013002.wav,1464
1677987881.170715014002.wav,1456
1677987881.170715015002.wav,1450
1677987881.170715020002.wav,1507
1677987881.170715021002.wav,1533
1677987881.170715022002.wav,1538
1677987881.170715023002.wav,1475
1677987881.170715024002.wav,1485
1677987881.170715025002.wav,1467
1677987881.170715030002.wav,1505
1677987881.170715031002.wav,1494
1677987881.170715032002.wav,1527
1677987881.170715033002.wav,1504
1677987881.170715034002.wav,1480
1677987881.170715035002.wav,1456
1677987881.170715040002.wav,1498
1677987881.170715041002.wav,1486
1677987881.170715042002.wav,1476
1677987881.170715043002.wav,1483
1677987881.170715044002.wav,1477
1677987881.170715045002.wav,1452
1677987881.170715050002.wav,1520
1677987881.170715051002.wav,1501
1677987881.170715052002.wav,1524
1677987881.170715053002.wav,1453
1677987881.170715054002.wav,1463
1677987881.170715055002.wav,1476
1677987881.170715060002.wav,1547
1677987881.170715061002.wav,1520
1677987881.170715062002.wav,1488
1677987881.170715063002.wav,1469
1677987881.170715064002.wav,1491
1677987881.170715065002.wav,1450
1677987881.170715070002.wav,1488
1677987881.170715071002.wav,1414
1677987881.170715072002.wav,1489
1677987881.170715073002.wav,1501
1677987881.170715074002.wav,1511
1677987881.170715075002.wav,1471
1677987881.170715080002.wav,1465
1677987881.170715081002.wav,1472
1677987881.170715082002.wav,1514
1677987881.170715083002.wav,1505
1677987881.170715084002.wav,1426
1677987881.170715085002.wav,1543
1677987881.170715090002.wav,1465
1677987881.170715091002.wav,1555
1677987881.170715092002.wav,1553
1677987881.170715093002.wav,1443
1677987881.170715094002.wav,1466
1677987881.170715095002.wav,1469
1677987881.170715100002.wav,1487
1677987881.170715101002.wav,1486
1677987881.170715102002.wav,1508
1677987881.170715103002.wav,1478
1677987881.170715104002.wav,1486
1677987881.170715105002.wav,1459
1677987881.170715110002.wav,1479
1677987881.170715111002.wav,1512
1677987881.170715112002.wav,1436
1677987881.170715113002.wav,1524
1677987881.170715114002.wav,1477
1677987881.170715115002.wav,1478
1677987881.170715120002.wav,1481
1677987881.170715121002.wav,1560
1677987881.170715122002.wav,1440
1677987881.170715123002.wav,1538
1677987881.170715124002.wav,1508
1677987881.170715125002.wav,1442
1677987881.170715130002.wav,1434
1677987881.170715131002.wav,1435
1677987881.170715132002.wav,1414
1677987881.170715133002.wav,1329
1677987881.170715134002.wav,1398
1677987881.170715135002.wav,1465
1677987881.170715140002.wav,1444
1677987881.170715141002.wav,1454
1677987881.170715142002.wav,1398
1677987881.170715143002.wav,1483
1677987881.170715144002.wav,1382
1677987881.170715145002.wav,1440
1677987881.170715150002.wav,1482
1677987881.170715151002.wav,1545
1677987881.170715152002.wav,1473
1677987881.170715153002.wav,1480
1677987881.170715154002.wav,1512
1677987881.170715155002.wav,1443
1677987881.170715160002.wav,1398
1677987881.170715161002.wav,1503
1677987881.170715162002.wav,1438
1677987881.170715163002.wav,1467
1677987881.170715164002.wav,1387
1677987881.170715165002.wav,1509
1677987881.170715170002.wav,1480
1677987881.170715171002.wav,1359
1677987881.170715172002.wav,1434
1677987881.170715173002.wav,1402
1677987881.170715174002.wav,1446
1677987881.170715175002.wav,1396
1677987881.170715180002.wav,1416
1677987881.170715181002.wav,1447
1677987881.170715182002.wav,1421
1677987881.170715183002.wav,1450
1677987881.170715184002.wav,1502
1677987881.170715185002.wav,1404
1677987881.170715190002.wav,1459
1677987881.170715191002.wav,1434
1677987881.170715192002.wav,1451
1677987881.170715193002.wav,1409
1677987881.170715194002.wav,1454
1677987881.170715200002.wav,1454
1677987881.170715201002.wav,1416
1677987881.170715202002.wav,1465
1677987881.170715203002.wav,1441
1677987881.170715204002.wav,1434
1677987881.170715205002.wav,1447
1677987881.170715210002.wav,1539
1677987881.170715211002.wav,1545
1677987881.170715212002.wav,1419
1677987881.170715213002.wav,1512
1677987881.170715214002.wav,1535
1677987881.170715215002.wav,1534
1677987881.170715220002.wav,1549
1677987881.170715221002.wav,1522
1677987881.170715222002.wav,1463
1677987881.170715223002.wav,1507
1677987881.170715224002.wav,1516
1677987881.170715225002.wav,1495
1677987881.170715230002.wav,1460
1677987881.170715231002.wav,1488
1677987881.170715232002.wav,1520
1677987881.170715233002.wav,1501
1677987881.170715234002.wav,1485
1677987881.170715235002.wav,1499
1677987881.170716000002.wav,1507
1677987881.170716001002.wav,1471
1677987881.170716002002.wav,1458
1677987881.170716003002.wav,1560
1677987881.170716004002.wav,1445
1677987881.170716005002.wav,1480
1677987881.170716010002.wav,1485
1677987881.170716011002.wav,1498
1677987881.170716012002.wav,1472
1677987881.170716013002.wav,1495
1677987881.170716014002.wav,1512
1677987881.170716015002.wav,1470
1677987881.170716020002.wav,1478
1677987881.170716021002.wav,1496
1677987881.170716022002.wav,1418
1677987881.170716023002.wav,1503
1677987881.170716024002.wav,1461
1677987881.170716025002.wav,1486
1677987881.170716030002.wav,1516
1677987881.170716031002.wav,1490
1677987881.170716032002.wav,1473
1677987881.170716033002.wav,1489
1677987881.170716034002.wav,1521
1677987881.170716035002.wav,1491
1677987881.170716040002.wav,1559
1677987881.170716041002.wav,1508
1677987881.170716042002.wav,1510
1677987881.170716043002.wav,1530
1677987881.170716044002.wav,1462
1677987881.170716045002.wav,1488
1677987881.170716050002.wav,1494
1677987881.170716051002.wav,1533
1677987881.170716052002.wav,1488
1677987881.170716053002.wav,1477
1677987881.170716054002.wav,1470
1677987881.170716055002.wav,1478
1677987881.170716060002.wav,1442
1677987881.170716061002.wav,1465
1677987881.170716062002.wav,1472
1677987881.170716063002.wav,1441
1677987881.170716064002.wav,1480
1677987881.170716065002.wav,1490
1677987881.170716070002.wav,1480
1677987881.170716071002.wav,1425
1677987881.170716072002.wav,1494
1677987881.170716073002.wav,1429
1677987881.170716074002.wav,1508
1677987881.170716075002.wav,1479
1677987881.170716080002.wav,1485
1677987881.170716081002.wav,1456
1677987881.170716082002.wav,1507
1677987881.170716083003.wav,1451
1677987881.170716084002.wav,1476
1677987881.170716085002.wav,1468
1677987881.170716090002.wav,1531
1677987881.170716091002.wav,1492
1677987881.170716092002.wav,1541
1677987881.170716093002.wav,1455
1677987881.170716094002.wav,1494
1677987881.170716095002.wav,1496
1677987881.170716100002.wav,1424
1677987881.170716101002.wav,1482
1677987881.170716102002.wav,1456
1677987881.170716103002.wav,1518
1677987881.170716104002.wav,1427
1677987881.170716105002.wav,1476
1677987881.170716110002.wav,1435
1677987881.170716111002.wav,1487
1677987881.170716112002.wav,1491
1677987881.170716113002.wav,1495
1677987881.170716114002.wav,1497
1677987881.170716115002.wav,1476
1677987881.170716120002.wav,1435
1677987881.170716121002.wav,1508
1677987881.170716122002.wav,1468
1677987881.170716123002.wav,1527
1677987881.170716124002.wav,1480
1677987881.170716125002.wav,1509
1677987881.170716130002.wav,1517
1677987881.170716131002.wav,1451
1677987881.170716132002.wav,1458
1677987881.170716133002.wav,1446
1677987881.170716134002.wav,1424
1677987881.170716135002.wav,1426
1677987881.170716140002.wav,1463
1677987881.170716141002.wav,1463
1677987881.170716142002.wav,1488
1677987881.170716143002.wav,1491
1677987881.170716144002.wav,1448
1677987881.170716145002.wav,1404
1677987881.170716150002.wav,1417
1677987881.170716151002.wav,1498
1677987881.170716152002.wav,1386
1677987881.170716153002.wav,1429
1677987881.170716154002.wav,1528
1677987881.170716155002.wav,1470
1677987881.170716160002.wav,1518
1677987881.170716161002.wav,1481
1677987881.170716162002.wav,1449
1677987881.170716163002.wav,1416
1677987881.170716164002.wav,1437
1677987881.170716165002.wav,1369
1677987881.170716170002.wav,1475
1677987881.170716171002.wav,1429
1677987881.170716172002.wav,1466
1677987881.170716173002.wav,1435
1677987881.170716174002.wav,1452
1677987881.170716175002.wav,1405
1677987881.170716180002.wav,1422
1677987881.170716181002.wav,1477
1677987881.170716182002.wav,1475
1677987881.170716183002.wav,1437
1677987881.170716184002.wav,1467
1677987881.170716185002.wav,1365
1677987881.170716190002.wav,1433
1677987881.170716191002.wav,1385
1677987881.170716192002.wav,1383
1677987881.170716193002.wav,1403
1677987881.170716194002.wav,1434
1677987881.170716195002.wav,1423
1677987881.170716200002.wav,1471
1677987881.170716201002.wav,1463
1677987881.170716202002.wav,1404
1677987881.170716203002.wav,1436
1677987881.170716204002.wav,1462
1677987881.170716205002.wav,1442
1677987881.170716210002.wav,1368
1677987881.170716211002.wav,1426
1677987881.170716212002.wav,1411
1677987881.170716213002.wav,1459
1677987881.170716214002.wav,1427
1677987881.170716215002.wav,1498
1677987881.170716220002.wav,1506
1677987881.170716221002.wav,1531
1677987881.170716222002.wav,1570
1677987881.170716223002.wav,1555
1677987881.170716224002.wav,1497
1677987881.170716225002.wav,1555
1677987881.170716230002.wav,1448
1677987881.170716231002.wav,1531
1677987881.170716232002.wav,1516
1677987881.170716233002.wav,1455
1677987881.170716234002.wav,1471
1677987881.170716235002.wav,1450
1677987881.170717000002.wav,1475
1677987881.170717001002.wav,1478
1677987881.170717002002.wav,1490
1677987881.170717004002.wav,1480
1677987881.170717005002.wav,1501
1677987881.170717010002.wav,1440
1677987881.170717011002.wav,1497
1677987881.170717012002.wav,1529
1677987881.170717013002.wav,1499
1677987881.170717014002.wav,1527
1677987881.170717015002.wav,1476
1677987881.170717020002.wav,1423
1677987881.170717021002.wav,1482
1677987881.170717022002.wav,1479
1677987881.170717023002.wav,1446
1677987881.170717024002.wav,1490
1677987881.170717025002.wav,1521
1677987881.170717030002.wav,1476
1677987881.170717031002.wav,1421
1677987881.170717032002.wav,1460
1677987881.170717033002.wav,1468
1677987881.170717034002.wav,1452
1677987881.170717035002.wav,1429
1677987881.170717040002.wav,1503
1677987881.170717041002.wav,1462
1677987881.170717042002.wav,1392
1677987881.170717043002.wav,1481
1677987881.170717044002.wav,1436
1677987881.170717045002.wav,1487
1677987881.170717050002.wav,1434
1677987881.170717051002.wav,1493
1677987881.170717052002.wav,1466
1677987881.170717054002.wav,1449
1677987881.170717055002.wav,1449
1677987881.170717060002.wav,1422
1677987881.170717061002.wav,1438
1677987881.170717063002.wav,1461
1677987881.170717064002.wav,1472
1677987881.170717070002.wav,1437
1677987881.170717071002.wav,1458
1677987881.170717072002.wav,1413
1677987881.170717073002.wav,1417
1677987881.170717074002.wav,1424
1677987881.170717075002.wav,1452
1677987881.170717081002.wav,1469
1677987881.170717082002.wav,1424
1677987881.170717083002.wav,1443
1677987881.170717085002.wav,1464
1677987881.170717090002.wav,1531
1677987881.170717091002.wav,1517
1677987881.170717092002.wav,1490
1677987881.170717093002.wav,1435
1677987881.170717094002.wav,1514
1677987881.170717095002.wav,1473
1677987881.170717100002.wav,1475
1677987881.170717102002.wav,1496
1677987881.170717103002.wav,1414
1677987881.170717104002.wav,1486
1677987881.170717105002.wav,1440
1677987881.170717110002.wav,1406
1677987881.170717111002.wav,1480
1677987881.170717112002.wav,1385
1677987881.170717113002.wav,1493
1677987881.170717114002.wav,1474
1677987881.170717115002.wav,1479
1677987881.170717120002.wav,1411
1677987881.170717122002.wav,1488
1677987881.170717124002.wav,1423
1677987881.170717125002.wav,1458
1677987881.170717130002.wav,1513
1677987881.170717132002.wav,1499
1677987881.170717134002.wav,1437
1677987881.170717135002.wav,1393
1677987881.170717140002.wav,1478
1677987881.170717141002.wav,1467
1677987881.170717142002.wav,1435
1677987881.170717143002.wav,1456
1677987881.170717144002.wav,1487
1677987881.170717145002.wav,1426
1677987881.170717150002.wav,1467
1677987881.170717151002.wav,1461
1677987881.170717152002.wav,1499
1677987881.170717153002.wav,1450
1677987881.170717154002.wav,1501
1677987881.170717155002.wav,1416
1677987881.170717160002.wav,1431
1677987881.170717161002.wav,1465
1677987881.170717162002.wav,1514
1677987881.170717163002.wav,1507
1677987881.170717164002.wav,1456
1677987881.170717165002.wav,1467
1677987881.170717170002.wav,1427
1677987881.170717171002.wav,1449
1677987881.170717173002.wav,1435
1677987881.170717174002.wav,1428
1677987881.170717175002.wav,1419
1677987881.170717180002.wav,1411
1677987881.170717181002.wav,1377
1677987881.170717182002.wav,1444
1677987881.170717183002.wav,1512
1677987881.170717184002.wav,1435
1677987881.170717185002.wav,1453
1677987881.170717191002.wav,1488
1677987881.170717192002.wav,1436
1677987881.170717194002.wav,1359
1677987881.170717195002.wav,1427
1677987881.170717200002.wav,1470
1677987881.170717201002.wav,1422
1677987881.170717202002.wav,1446
1677987881.170717203002.wav,1418
1677987881.170717204002.wav,1488
1677987881.170717205002.wav,1411
1677987881.170717210002.wav,1435
1677987881.170717211002.wav,1399
1677987881.170717212002.wav,1441
1677987881.170717213002.wav,1429
1677987881.170717214002.wav,1446
1677987881.170717215002.wav,1468
1677987881.170717220002.wav,1539
1677987881.170717221002.wav,1500
1677987881.170717222002.wav,1521
1677987881.170717223002.wav,1446
1677987881.170717224002.wav,1493
1677987881.170717225002.wav,1481
1677987881.170717230002.wav,1501
1677987881.170717231002.wav,1478
1677987881.170717232002.wav,1495
1677987881.170717233002.wav,1510
1677987881.170717234002.wav,1457
1677987881.170717235002.wav,1445
1677987881.170718000002.wav,1483
1677987881.170718002002.wav,1441
1677987881.170718004002.wav,1329
1677987881.170718005002.wav,1425
1677987881.170718010002.wav,1466
1677987881.170718011002.wav,1446
1677987881.170718012002.wav,1488
1677987881.170718013002.wav,1426
1677987881.170718014002.wav,1462
1677987881.170718015002.wav,1421
1677987881.170718020002.wav,1454
1677987881.170718021002.wav,1513
1677987881.170718022002.wav,1467
1677987881.170718023002.wav,1454
1677987881.170718025002.wav,1418
1677987881.170718030002.wav,1493
1677987881.170718031002.wav,1482
1677987881.170718032002.wav,1471
1677987881.170718033002.wav,1473
1677987881.170718034002.wav,1418
1677987881.170718035002.wav,1487
1677987881.170718040002.wav,1467
1677987881.170718041002.wav,1408
1677987881.170718042002.wav,1491
1677987881.170718043002.wav,1494
1677987881.170718044002.wav,1448
1677987881.170718045002.wav,1460
1677987881.170718050002.wav,1556
1677987881.170718051002.wav,1522
1677987881.170718052002.wav,1466
1677987881.170718053002.wav,1481
1677987881.170718054002.wav,1499
1677987881.170718055002.wav,1508
1677987881.170718060002.wav,1441
1677987881.170718061002.wav,1469
1677987881.170718062002.wav,1379
1677987881.170718063002.wav,1473
1677987881.170718064002.wav,1501
1677987881.170718065002.wav,1526
1677987881.170718070002.wav,1471
1677987881.170718071002.wav,1448
1677987881.170718072002.wav,1473
1677987881.170718073002.wav,1428
1677987881.170718074002.wav,1442
1677987881.170718075002.wav,1430
1677987881.170718080002.wav,1454
1677987881.170718081002.wav,1496
1677987881.170718082002.wav,1444
1677987881.170718083002.wav,1434
1677987881.170718084002.wav,1474
1677987881.170718085002.wav,1484
1677987881.170718090002.wav,1516
1677987881.170718091002.wav,1524
1677987881.170718092002.wav,1545
1677987881.170718093002.wav,1492
1677987881.170718094002.wav,1487
1677987881.170718095002.wav,1470
1677987881.170718100002.wav,1446
1677987881.170718101002.wav,1401
1677987881.170718102002.wav,1442
1677987881.170718103002.wav,1385
1677987881.170718104002.wav,1445
1677987881.170718105002.wav,1483
1677987881.170718111002.wav,1439
1677987881.170718112002.wav,1427
1677987881.170718113002.wav,1432
1677987881.170718114002.wav,1423
1677987881.170718115002.wav,1494
1677987881.170718121002.wav,1400
1677987881.170718122002.wav,1449
1677987881.170718123002.wav,1425
1677987881.170718125002.wav,1457
1677987881.170718130002.wav,1535
1677987881.170718131002.wav,1422
1677987881.170718132002.wav,1405
1677987881.170718133002.wav,1496
1677987881.170718134002.wav,1452
1677987881.170718135002.wav,1395
1677987881.170718140002.wav,1435
1677987881.170718141002.wav,1478
1677987881.170718142002.wav,1435
1677987881.170718143002.wav,1419
1677987881.170718144002.wav,1392
1677987881.170718145002.wav,1444
1677987881.170718150002.wav,1447
1677987881.170718151002.wav,1364
1677987881.170718152002.wav,1356
1677987881.170718153002.wav,1481
1677987881.170718154002.wav,1411
1677987881.170718155002.wav,1443
1677987881.170718160002.wav,1428
1677987881.170718161002.wav,1454
1677987881.170718162002.wav,1459
1677987881.170718163002.wav,1496
1677987881.170718164002.wav,1426
1677987881.170718165002.wav,1486
1677987881.170718170002.wav,1515
1677987881.170718171002.wav,1422
1677987881.170718172002.wav,1388
1677987881.170718173002.wav,1513
1677987881.170718174002.wav,1423
1677987881.170718175002.wav,1493
1677987881.170718180002.wav,1428
1677987881.170718181002.wav,1448
1677987881.170718182002.wav,1454
1677987881.170718183002.wav,1498
1677987881.170718184002.wav,1390
1677987881.170718185002.wav,1419
1677987881.170718190002.wav,1471
1677987881.170718191002.wav,1399
1677987881.170718192002.wav,1364
1677987881.170718193002.wav,1403
1677987881.170718194002.wav,1436
1677987881.170718195002.wav,1390
1677987881.170718200002.wav,1472
1677987881.170718201002.wav,1513
1677987881.170718202002.wav,1448
1677987881.170718203002.wav,1444
1677987881.170718204002.wav,1406
1677987881.170718205002.wav,1464
1677987881.170718210002.wav,1458
1677987881.170718211002.wav,1392
1677987881.170718213002.wav,1423
1677987881.170718214002.wav,1514
1677987881.170718215002.wav,1510
1677987881.170718220002.wav,1578
1677987881.170718221002.wav,1483
1677987881.170718222002.wav,1487
1677987881.170718224002.wav,1480
1677987881.170718225002.wav,1481
1677987881.170718230002.wav,1468
1677987881.170718231002.wav,1482
1677987881.170718232002.wav,1421
1677987881.170718233002.wav,1496
1677987881.170718234002.wav,1496
1677987881.170718235002.wav,1486
1677987881.170719000002.wav,1486
1677987881.170719001002.wav,1420
1677987881.170719002002.wav,1479
1677987881.170719003002.wav,1514
1677987881.170719004002.wav,1445
1677987881.170719010002.wav,1473
1677987881.170719011002.wav,1373
1677987881.170719012002.wav,1429
1677987881.170719014002.wav,1475
1677987881.170719015002.wav,1506
1677987881.170719020002.wav,1477
1677987881.170719021002.wav,1511
1677987881.170719022002.wav,1459
1677987881.170719023002.wav,1490
1677987881.170719024002.wav,1436
1677987881.170719025002.wav,1482
1677987881.170719030002.wav,1458
1677987881.170719031002.wav,1472
1677987881.170719032002.wav,1502
1677987881.170719033002.wav,1498
1677987881.170719034002.wav,1445
1677987881.170719035002.wav,1450
1677987881.170719040002.wav,1522
1677987881.170719041002.wav,1539
1677987881.170719042002.wav,1468
1677987881.170719043002.wav,1452
1677987881.170719044002.wav,1470
1677987881.170719045002.wav,1460
1677987881.170719050002.wav,1533
1677987881.170719051002.wav,1573
1677987881.170719052002.wav,1484
1677987881.170719053002.wav,1475
1677987881.170719054002.wav,1453
1677987881.170719055002.wav,1539
1677987881.170719060002.wav,1436
1677987881.170719061002.wav,1476
1677987881.170719062002.wav,1465
1677987881.170719063002.wav,1493
1677987881.170719064002.wav,1518
1677987881.170719065002.wav,1499
1677987881.170719070002.wav,1494
1677987881.170719071002.wav,1413
1677987881.170719072002.wav,1484
1677987881.170719073002.wav,1467
1677987881.170719074002.wav,1466
1677987881.170719075002.wav,1479
1677987881.170719080002.wav,1485
1677987881.170719081002.wav,1518
1677987881.170719082002.wav,1477
1677987881.170719083002.wav,1495
1677987881.170719084002.wav,1398
1677987881.170719085002.wav,1485
1677987881.170719090002.wav,1549
1677987881.170719091002.wav,1548
1677987881.170719092002.wav,1505
1677987881.170719094002.wav,1491
1677987881.170719095002.wav,1452
1677987881.170719100002.wav,1450
1677987881.170719101002.wav,1440
1677987881.170719102002.wav,1441
1677987881.170719103002.wav,1402
1677987881.170719104002.wav,1486
1677987881.170719105002.wav,1426
1677987881.170719110002.wav,1390
1677987881.170719111002.wav,1487
1677987881.170719112002.wav,1462
1677987881.170719113002.wav,1448
1677987881.170719114002.wav,1283
1677987881.170719115002.wav,1407
1677987881.170719120002.wav,1551
1677987881.170719121002.wav,1482
1677987881.170719122002.wav,1386
1677987881.170719123002.wav,1452
1677987881.170719124002.wav,1501
1677987881.170719125002.wav,1149
1677987881.170719130002.wav,1386
1677987881.170719131002.wav,1418
1677987881.170719132002.wav,1433
1677987881.170719133002.wav,1429
1677987881.170719134002.wav,1426
1677987881.170719135002.wav,1409
1677987881.170719140002.wav,1435
1677987881.170719141002.wav,1499
1677987881.170719143002.wav,1400
1677987881.170719144002.wav,1465
1677987881.170719145002.wav,1425
1677987881.170719150002.wav,1348
1677987881.170719151002.wav,1427
1677987881.170719152002.wav,1381
1677987881.170719154002.wav,1485
1677987881.170719155002.wav,1450
1677987881.170719160002.wav,1519
1677987881.170719161002.wav,1455
1677987881.170719162002.wav,1497
1677987881.170719163002.wav,1422
1677987881.170719164002.wav,1347
1677987881.170719165002.wav,1443
1677987881.170719170002.wav,1362
1677987881.170719171002.wav,1455
1677987881.170719172002.wav,1510
1677987881.170719174002.wav,1458
1677987881.170719175002.wav,1426
1677987881.170719180002.wav,1448
1677987881.170719181002.wav,1360
1677987881.170719182002.wav,1435
1677987881.170719183002.wav,1475
1677987881.170719184002.wav,1437
1677987881.170719185002.wav,1471
1677987881.170719190002.wav,1410
1677987881.170719191002.wav,1439
1677987881.170719192002.wav,1465
1677987881.170719194002.wav,1494
1677987881.170719195002.wav,1429
1677987881.170719200002.wav,1439
1677987881.170719201002.wav,1445
1677987881.170719202002.wav,1425
1677987881.170719203002.wav,1430
1677987881.170719204002.wav,1453
1677987881.170719205002.wav,1429
1677987881.170719210002.wav,1423
1677987881.170719212002.wav,1414
1677987881.170719213002.wav,1476
1677987881.170719214002.wav,1414
1677987881.170719215002.wav,1472
1677987881.170719220002.wav,1482
1677987881.170719221002.wav,1499
1677987881.170719222002.wav,1539
1677987881.170719223002.wav,1534
1677987881.170719224002.wav,1469
1677987881.170719225002.wav,1520
1677987881.170719230002.wav,1469
1677987881.170719232002.wav,1487
1677987881.170719233002.wav,1436
1677987881.170719234002.wav,1492
1677987881.170719235002.wav,1492
1677987881.170720000002.wav,1489
1677987881.170720001002.wav,1504
1677987881.170720002002.wav,1468
1677987881.170720003002.wav,1502
1677987881.170720004002.wav,1429
1677987881.170720005002.wav,1481
1677987881.170720010002.wav,1494
1677987881.170720011002.wav,1518
1677987881.170720012002.wav,1455
1677987881.170720013002.wav,1456
1677987881.170720014002.wav,1469
1677987881.170720015002.wav,1502
1677987881.170720020002.wav,1475
1677987881.170720021002.wav,1492
1677987881.170720022002.wav,1483
1677987881.170720023002.wav,1497
1677987881.170720024002.wav,1487
1677987881.170720025002.wav,1498
1677987881.170720030002.wav,1441
1677987881.170720031002.wav,1497
1677987881.170720032002.wav,1460
1677987881.170720033002.wav,1480
1677987881.170720034002.wav,1509
1677987881.170720035002.wav,1468
1677987881.170720040002.wav,1405
1677987881.170720041002.wav,1461
1677987881.170720042002.wav,1450
1677987881.170720043002.wav,1532
1677987881.170720044002.wav,1477
1677987881.170720045002.wav,1441
1677987881.170720050002.wav,1484
1677987881.170720051002.wav,1516
1677987881.170720052002.wav,1456
1677987881.170720053002.wav,1405
1677987881.170720054002.wav,1458
1677987881.170720055002.wav,1476
1677987881.170720060002.wav,1529
1677987881.170720061002.wav,1502
1677987881.170720062002.wav,1466
1677987881.170720063002.wav,1484
1677987881.170720064002.wav,1495
1677987881.170720065002.wav,1462
1677987881.170720070002.wav,1513
1677987881.170720071002.wav,1491
1677987881.170720072002.wav,1518
1677987881.170720074002.wav,1463
1677987881.170720075002.wav,1480
1677987881.170720080002.wav,1512
1677987881.170720081002.wav,1504
1677987881.170720082002.wav,1484
1677987881.170720083002.wav,1457
1677987881.170720084002.wav,1489
1677987881.170720085002.wav,1506
1677987881.170720090002.wav,1547
1677987881.170720091002.wav,1498
1677987881.170720092002.wav,1478
1677987881.170720093002.wav,1479
1677987881.170720094002.wav,1402
1677987881.170720095002.wav,1432
1677987881.170720101002.wav,1461
1677987881.170720102002.wav,1446
1677987881.170720104002.wav,1449
1677987881.170720105002.wav,1417
1677987881.170720110002.wav,1446
1677987881.170720111002.wav,1472
1677987881.170720112002.wav,1481
1677987881.170720113002.wav,1472
1677987881.170720114002.wav,1419
1677987881.170720115002.wav,1462
1677987881.170720120002.wav,1507
1677987881.170720121002.wav,1446
1677987881.170720123002.wav,1447
1677987881.170720124002.wav,1464
1677987881.170720130002.wav,1443
1677987881.170720131002.wav,1358
1677987881.170720132002.wav,1429
1677987881.170720133002.wav,1444
1677987881.170720134002.wav,1456
1677987881.170720135002.wav,1405
1677987881.170720140002.wav,1404
1677987881.170720141002.wav,1455
1677987881.170720142002.wav,1383
1677987881.170720144002.wav,1407
1677987881.170720145002.wav,1419
1677987881.170720150002.wav,1430
1677987881.170720151002.wav,1509
1677987881.170720152002.wav,1425
1677987881.170720153002.wav,1428
1677987881.170720154002.wav,1456
1677987881.170720155002.wav,1452
1677987881.170720160002.wav,1475
1677987881.170720161002.wav,1525
1677987881.170720162002.wav,1448
1677987881.170720163002.wav,1416
1677987881.170720164002.wav,1458
1677987881.170720165002.wav,1463
1677987881.170720170002.wav,1449
1677987881.170720171002.wav,1461
1677987881.170720172002.wav,1445
1677987881.170720173002.wav,1493
1677987881.170720174002.wav,1374
1677987881.170720175002.wav,1355
1677987881.170720181002.wav,1448
1677987881.170720182002.wav,1436
1677987881.170720183002.wav,1425
1677987881.170720184002.wav,1409
1677987881.170720185002.wav,1424
1677987881.170720190002.wav,1475
1677987881.170720191002.wav,1417
1677987881.170720192002.wav,1465
1677987881.170720193002.wav,1462
1677987881.170720194002.wav,1401
1677987881.170720195002.wav,1434
1677987881.170720200002.wav,1507
1677987881.170720201002.wav,1471
1677987881.170720202002.wav,1420
1677987881.170720203002.wav,1441
1677987881.170720204002.wav,1501
1677987881.170720205002.wav,1423
1677987881.170720210002.wav,1502
1677987881.170720211002.wav,1430
1677987881.170720212002.wav,1467
1677987881.170720213002.wav,1407
1677987881.170720214002.wav,1440
1677987881.170720215002.wav,1479
1677987881.170720220002.wav,1522
1677987881.170720221002.wav,1511
1677987881.170720222002.wav,1512
1677987881.170720223002.wav,1568
1677987881.170720224002.wav,1512
1677987881.170720225002.wav,1481
1677987881.170720230002.wav,1547
1677987881.170720231002.wav,1512
1677987881.170720233002.wav,1509
1677987881.170720234002.wav,1464
1677987881.170720235002.wav,1419
1677987881.170721000002.wav,1510
1677987881.170721001002.wav,1416
1677987881.170721002002.wav,1446
1677987881.170721003002.wav,1478
1677987881.170721004002.wav,1441
1677987881.170721005002.wav,1490
1677987881.170721010002.wav,1414
1677987881.170721011002.wav,1479
1677987881.170721012002.wav,1486
1677987881.170721013002.wav,1490
1677987881.170721014002.wav,1491
1677987881.170721015002.wav,1472
1677987881.170721021002.wav,1395
1677987881.170721023002.wav,1473
1677987881.170721024002.wav,1479
1677987881.170721025002.wav,1492
1677987881.170721030002.wav,1487
1677987881.170721031002.wav,1484
1677987881.170721032002.wav,1456
1677987881.170721034002.wav,1409
1677987881.170721035002.wav,1478
1677987881.170721040002.wav,1508
1677987881.170721041002.wav,1458
1677987881.170721042002.wav,1519
1677987881.170721043002.wav,1454
1677987881.170721045002.wav,1450
1677987881.170721050002.wav,1506
1677987881.170721051002.wav,1474
1677987881.170721053002.wav,1489
1677987881.170721054002.wav,1469
1677987881.170721055002.wav,1523
1677987881.170721060002.wav,1432
1677987881.170721061002.wav,1422
1677987881.170721062002.wav,1426
1677987881.170721063002.wav,1558
1677987881.170721064002.wav,1499
1677987881.170721065002.wav,1484
1677987881.170721070002.wav,1479
1677987881.170721071002.wav,1521
1677987881.170721072002.wav,1499
1677987881.170721073002.wav,1430
1677987881.170721074002.wav,1482
1677987881.170721075002.wav,1417
1677987881.170721080002.wav,1515
1677987881.170721081002.wav,1515
1677987881.170721082002.wav,1509
1677987881.170721084002.wav,1484
1677987881.170721085002.wav,1507
1677987881.170721090002.wav,1499
1677987881.170721091002.wav,1552
1677987881.170721092002.wav,1503
1677987881.170721093002.wav,1461
1677987881.170721095002.wav,1508
1677987881.170721100002.wav,1454
1677987881.170721101002.wav,1505
1677987881.170721102002.wav,1443
1677987881.170721103002.wav,1483
1677987881.170721104002.wav,1486
1677987881.170721105002.wav,1438
1677987881.170721110002.wav,1517
1677987881.170721111002.wav,1454
1677987881.170721113002.wav,1418
1677987881.170721114002.wav,1460
1677987881.170721115002.wav,1499
1677987881.170721121002.wav,1379
1677987881.170721122002.wav,1468
1677987881.170721124002.wav,1499
1677987881.170721125002.wav,1410
1677987881.170721130002.wav,1488
1677987881.170721131002.wav,1502
1677987881.170721133002.wav,1437
1677987881.170721134002.wav,1493
1677987881.170721135002.wav,1479
1677987881.170721141002.wav,1439
1677987881.170721142002.wav,1483
1677987881.170721144002.wav,1468
1677987881.170721145002.wav,1488
1677987881.170721150002.wav,1464
1677987881.170721151002.wav,1441
1677987881.170721152002.wav,1362
1677987881.170721153002.wav,1402
1677987881.170721154002.wav,1461
1677987881.170721155002.wav,1457
1677987881.170721160002.wav,1372
1677987881.170721161002.wav,1412
1677987881.170721162002.wav,1462
1677987881.170721163002.wav,1491
1677987881.170721164002.wav,1477
1677987881.170721165002.wav,1418
1677987881.170721170002.wav,1455
1677987881.170721171002.wav,1397
1677987881.170721172002.wav,1407
1677987881.170721173002.wav,1492
1677987881.170721174002.wav,1443
1677987881.170721175002.wav,1478
1677987881.170721180002.wav,1426
1677987881.170721181002.wav,1429
1677987881.170721182002.wav,1456
1677987881.170721183002.wav,1467
1677987881.170721184002.wav,1462
1677987881.170721185002.wav,1394
1677987881.170721190002.wav,1438
1677987881.170721192002.wav,1428
1677987881.170721193002.wav,1530
1677987881.170721194002.wav,1454
1677987881.170721195002.wav,1422
1677987881.170721200002.wav,1461
1677987881.170721202002.wav,1454
1677987881.170721203002.wav,1434
1677987881.170721205002.wav,1388
1677987881.170721210002.wav,1384
1677987881.170721211002.wav,1460
1677987881.170721212002.wav,1511
1677987881.170721213002.wav,1428
1677987881.170721214002.wav,1474
1677987881.170721215002.wav,1480
1677987881.170721220002.wav,1532
1677987881.170721221002.wav,1503
1677987881.170721222002.wav,1564
1677987881.170721223002.wav,1503
1677987881.170721225002.wav,1547
1677987881.170721230002.wav,1455
1677987881.170721231002.wav,1443
1677987881.170721232002.wav,1530
1677987881.170721233002.wav,1455
1677987881.170721234002.wav,1507
1677987881.170721235002.wav,1476
1677987881.170722000002.wav,1472
1677987881.170722001002.wav,1523
1677987881.170722003002.wav,1488
1677987881.170722004002.wav,1507
1677987881.170722005002.wav,1521
1677987881.170722010002.wav,1480
1677987881.170722011002.wav,1432
1677987881.170722012002.wav,1512
1677987881.170722013002.wav,1475
1677987881.170722014002.wav,1468
1677987881.170722015002.wav,1535
1677987881.170722020002.wav,1511
1677987881.170722021002.wav,1484
1677987881.170722023002.wav,1504
1677987881.170722024002.wav,1446
1677987881.170722025002.wav,1500
1677987881.170722030002.wav,1456
1677987881.170722031002.wav,1500
1677987881.170722032002.wav,1464
1677987881.170722033002.wav,1418
1677987881.170722034002.wav,1535
1677987881.170722035002.wav,1520
1677987881.170722040002.wav,1448
1677987881.170722041002.wav,1503
1677987881.170722043002.wav,1467
1677987881.170722044002.wav,1487
1677987881.170722045002.wav,1484
1677987881.170722050002.wav,1525
1677987881.170722051002.wav,1483
1677987881.170722052002.wav,1488
1677987881.170722053002.wav,1448
1677987881.170722054002.wav,1461
1677987881.170722055002.wav,1491
1677987881.170722060002.wav,1488
1677987881.170722061002.wav,1540
1677987881.170722062002.wav,1472
1677987881.170722063002.wav,1466
1677987881.170722064002.wav,1497
1677987881.170722065002.wav,1474
1677987881.170722070002.wav,1472
1677987881.170722071002.wav,1434
1677987881.170722072002.wav,1442
1677987881.170722073002.wav,1444
1677987881.170722074002.wav,1509
1677987881.170722075002.wav,1524
1677987881.170722081002.wav,1514
1677987881.170722082002.wav,1499
1677987881.170722083002.wav,1516
1677987881.170722084002.wav,1510
1677987881.170722085002.wav,1499
1677987881.170722090002.wav,1485
1677987881.170722091002.wav,1538
1677987881.170722093002.wav,1535
1677987881.170722094002.wav,1508
1677987881.170722095002.wav,1511
1677987881.170722100002.wav,1454
1677987881.170722102002.wav,1456
1677987881.170722105002.wav,1492
1677987881.170722110002.wav,1447
1677987881.170722112002.wav,1451
1677987881.170722113002.wav,1401
1677987881.170722114002.wav,1422
1677987881.170722115002.wav,1470
1677987881.170722120002.wav,1440
1677987881.170722121002.wav,1387
1677987881.170722122002.wav,1419
1677987881.170722125002.wav,1439
1677987881.170722130002.wav,1493
1677987881.170722131002.wav,1417
1677987881.170722133002.wav,1430
1677987881.170722134002.wav,1471
1677987881.170722135002.wav,1460
1677987881.170722140002.wav,1433
1677987881.170722141002.wav,1384
1677987881.170722142002.wav,1440
1677987881.170722143002.wav,1477
1677987881.170722144002.wav,1382
1677987881.170722145002.wav,1373
1677987881.170722150002.wav,1504
1677987881.170722151002.wav,1440
1677987881.170722152002.wav,1377
1677987881.170722154002.wav,1395
1677987881.170722155002.wav,1450
1677987881.170722160002.wav,1481
1677987881.170722161002.wav,1506
1677987881.170722162002.wav,1385
1677987881.170722163002.wav,1464
1677987881.170722164002.wav,1454
1677987881.170722165002.wav,1458
1677987881.170722170002.wav,1489
1677987881.170722171002.wav,1397
1677987881.170722172002.wav,1449
1677987881.170722173002.wav,1473
1677987881.170722174002.wav,1472
1677987881.170722175002.wav,1454
1677987881.170722180002.wav,1489
1677987881.170722182002.wav,1456
1677987881.170722183002.wav,1445
1677987881.170722184002.wav,1475
1677987881.170722190002.wav,1447
1677987881.170722191002.wav,1475
1677987881.170722192002.wav,1445
1677987881.170722193002.wav,1453
1677987881.170722194002.wav,1444
1677987881.170722195002.wav,1411
1677987881.170722200002.wav,1459
1677987881.170722201002.wav,1458
1677987881.170722204002.wav,1395
1677987881.170722205002.wav,1491
1677987881.170722210002.wav,1517
1677987881.170722211002.wav,1467
1677987881.170722212002.wav,1469
1677987881.170722213002.wav,1441
1677987881.170722215002.wav,1478
1677987881.170722220002.wav,1549
1677987881.170722221002.wav,1515
1677987881.170722223002.wav,1534
1677987881.170722224002.wav,1461
1677987881.170722225002.wav,1526
1677987881.170722231002.wav,1492
1677987881.170722232002.wav,1489
1677987881.170722233002.wav,1460
1677987881.170722234002.wav,1457
1677987881.170722235002.wav,1494
1677987881.170723002002.wav,1449
1677987881.170723004002.wav,1437
1677987881.170723005002.wav,1522
1677987881.170723010002.wav,1472
1677987881.170723011002.wav,1466
1677987881.170723012002.wav,1480
1677987881.170723013002.wav,1483
1677987881.170723014002.wav,1468
1677987881.170723015002.wav,1504
1677987881.170723020002.wav,1466
1677987881.170723021002.wav,1450
1677987881.170723022002.wav,1460
1677987881.170723023002.wav,1494
1677987881.170723024002.wav,1465
1677987881.170723025002.wav,1470
1677987881.170723031002.wav,1509
1677987881.170723032002.wav,1477
1677987881.170723033002.wav,1449
1677987881.170723034002.wav,1484
1677987881.170723035002.wav,1472
1677987881.170723040002.wav,1444
1677987881.170723041002.wav,1503
1677987881.170723042002.wav,1475
1677987881.170723044002.wav,1466
1677987881.170723045002.wav,1462
1677987881.170723050002.wav,1487
1677987881.170723051002.wav,1495
1677987881.170723052002.wav,1544
1677987881.170723053002.wav,1521
1677987881.170723054002.wav,1448
1677987881.170723055002.wav,1523
1677987881.170723060002.wav,1506
1677987881.170723061002.wav,1459
1677987881.170723062002.wav,1491
1677987881.170723063002.wav,1504
1677987881.170723064002.wav,1450
1677987881.170723065002.wav,1487
1677987881.170723072002.wav,1436
1677987881.170723073002.wav,1509
1677987881.170723075002.wav,1411
1677987881.170723081002.wav,1516
1677987881.170723082002.wav,1500
1677987881.170723083002.wav,1512
1677987881.170723084002.wav,1533
1677987881.170723085002.wav,1552
1677987881.170723090002.wav,1540
1677987881.170723091002.wav,1535
1677987881.170723092002.wav,1557
1677987881.170723093002.wav,1507
1677987881.170723094002.wav,1499
1677987881.170723095002.wav,1450
1677987881.170723100002.wav,1523
1677987881.170723101002.wav,1500
1677987881.170723102002.wav,1431
1677987881.170723104002.wav,1477
1677987881.170723105002.wav,1470
1677987881.170723110002.wav,1503
1677987881.170723111002.wav,1475
1677987881.170723112002.wav,1473
1677987881.170723114002.wav,1506
1677987881.170723115002.wav,1482
1677987881.170723120002.wav,1466
1677987881.170723121002.wav,1468
1677987881.170723122002.wav,1462
1677987881.170723123002.wav,1444
1677987881.170723124002.wav,1323
1677987881.170723125002.wav,1399
1677987881.170723130002.wav,1431
1677987881.170723131002.wav,1402
1677987881.170723132002.wav,1425
1677987881.170723133002.wav,1428
1677987881.170723134002.wav,1461
1677987881.170723140002.wav,1489
1677987881.170723142002.wav,1423
1677987881.170723143002.wav,1422
1677987881.170723144002.wav,1494
1677987881.170723145002.wav,1484
1677987881.170723150002.wav,1486
1677987881.170723151002.wav,1425
1677987881.170723152002.wav,1509
1677987881.170723153002.wav,1466
1677987881.170723154002.wav,1443
1677987881.170723155002.wav,1505
1677987881.170723161002.wav,1476
1677987881.170723162002.wav,1414
1677987881.170723163002.wav,1419
1677987881.170723164002.wav,1480
1677987881.170723170002.wav,1452
1677987881.170723171002.wav,1406
1677987881.170723172002.wav,1463
1677987881.170723173002.wav,1458
1677987881.170723174002.wav,1488
1677987881.170723175002.wav,1472
1677987881.170723180002.wav,1506
1677987881.170723181002.wav,1498
1677987881.170723182002.wav,1393
1677987881.170723183002.wav,1429
1677987881.170723185002.wav,1420
1677987881.170723190002.wav,1442
1677987881.170723191002.wav,1474
1677987881.170723192002.wav,1351
1677987881.170723193002.wav,1436
1677987881.170723194002.wav,1412
1677987881.170723200002.wav,1457
1677987881.170723201002.wav,1477
1677987881.170723202002.wav,1411
1677987881.170723203002.wav,1460
1677987881.170723204002.wav,1501
1677987881.170723210002.wav,1450
1677987881.170723211002.wav,1424
1677987881.170723212002.wav,1447
1677987881.170723213002.wav,1535
1677987881.170723214002.wav,1537
1677987881.170723220002.wav,1553
1677987881.170723222002.wav,1602
1677987881.170723223002.wav,1496
1677987881.170723224002.wav,1520
1677987881.170723225002.wav,1505
1677987881.170723230002.wav,1482
1677987881.170723231002.wav,1477
1677987881.170723232002.wav,1518
1677987881.170723233002.wav,1507
1677987881.170723235002.wav,1522
1677987881.170724000002.wav,1486
1677987881.170724001002.wav,1481
1677987881.170724003002.wav,1533
1677987881.170724004002.wav,1502
1677987881.170724005002.wav,1505
1677987881.170724010002.wav,1453
1677987881.170724011002.wav,1484
1677987881.170724012002.wav,1450
1677987881.170724014002.wav,1486
1677987881.170724015002.wav,1529
1677987881.170724020002.wav,1442
1677987881.170724022002.wav,1476
1677987881.170724023002.wav,1467
1677987881.170724024002.wav,1515
1677987881.170724025002.wav,1451
1677987881.170724030002.wav,1560
1677987881.170724031002.wav,1485
1677987881.170724033002.wav,1499
1677987881.170724034002.wav,1518
1677987881.170724035002.wav,1449
1677987881.170724040002.wav,1505
1677987881.170724041002.wav,1503
1677987881.170724042002.wav,1542
1677987881.170724043002.wav,1532
1677987881.170724044002.wav,1528
1677987881.170724050002.wav,1528
1677987881.170724051002.wav,1502
1677987881.170724052002.wav,1542
1677987881.170724053002.wav,1472
1677987881.170724055002.wav,1487
1677987881.170724060002.wav,1460
1677987881.170724061002.wav,1497
1677987881.170724062002.wav,1418
1677987881.170724064002.wav,1465
1677987881.170724065002.wav,1448
1677987881.170724070002.wav,1430
1677987881.170724071002.wav,1516
1677987881.170724072002.wav,1427
1677987881.170724073002.wav,1519
1677987881.170724074002.wav,1472
1677987881.170724075002.wav,1470
1677987881.170724080002.wav,1492
1677987881.170724081002.wav,1543
1677987881.170724082002.wav,1492
1677987881.170724083002.wav,1552
1677987881.170724084002.wav,1505
1677987881.170724085002.wav,1451
1677987881.170724090002.wav,1483
1677987881.170724092002.wav,1581
1677987881.170724093002.wav,1527
1677987881.170724094002.wav,1470
1677987881.170724095002.wav,1499
1677987881.170724100002.wav,1481
1677987881.170724101002.wav,1528
1677987881.170724102002.wav,1511
1677987881.170724104002.wav,1493
1677987881.170724105002.wav,1554
1677987881.170724111002.wav,1384
1677987881.170724112002.wav,1511
1677987881.170724113002.wav,1548
1677987881.170724114002.wav,1452
1677987881.170724121002.wav,1429
1677987881.170724122002.wav,1460
1677987881.170724123002.wav,1436
1677987881.170724124002.wav,1496
1677987881.170724125002.wav,1491
1677987881.170724130002.wav,1474
1677987881.170724131002.wav,1497
1677987881.170724132002.wav,1435
1677987881.170724134002.wav,1445
1677987881.170724135002.wav,1455
1677987881.170724140002.wav,1525
1677987881.170724141002.wav,1408
1677987881.170724142002.wav,1433
1677987881.170724143002.wav,1465
1677987881.170724144002.wav,1461
1677987881.170724145002.wav,1426
1677987881.170724150002.wav,1437
1677987881.170724151002.wav,1352
1677987881.170724152002.wav,1418
1677987881.170724153002.wav,1393
1677987881.170724154002.wav,1367
1677987881.170724155002.wav,1394
1677987881.170724160002.wav,1445
1677987881.170724161002.wav,1402
1677987881.170724162002.wav,1410
1677987881.170724163002.wav,1440
1677987881.170724165002.wav,1423
1677987881.170724170002.wav,1389
1677987881.170724171002.wav,1477
1677987881.170724172002.wav,1461
1677987881.170724173002.wav,1469
1677987881.170724174002.wav,1473
1677987881.170724175002.wav,1469
1677987881.170724180002.wav,1394
1677987881.170724181002.wav,1477
1677987881.170724182002.wav,1435
1677987881.170724183002.wav,1415
1677987881.170724184002.wav,1468
1677987881.170724185002.wav,1450
1677987881.170724191002.wav,1473
1677987881.170724192002.wav,1425
1677987881.170724193002.wav,1470
1677987881.170724194002.wav,1415
1677987881.170724195002.wav,1439
1677987881.170724200002.wav,1443
1677987881.170724201002.wav,1409
1677987881.170724203002.wav,1495
1677987881.170724204002.wav,1456
1677987881.170724210002.wav,1387
1677987881.170724211002.wav,1444
1677987881.170724212002.wav,1503
1677987881.170724213002.wav,1539
1677987881.170724214002.wav,1483
1677987881.170724215002.wav,1529
1677987881.170724220002.wav,1500
1677987881.170724221002.wav,1549
1677987881.170724222002.wav,1544
1677987881.170724223002.wav,1523
1677987881.170724224002.wav,1479
1677987881.170724225002.wav,1554
1677987881.170724230002.wav,1539
1677987881.170724231002.wav,1511
1677987881.170724232002.wav,1484
1677987881.170724233002.wav,1502
1677987881.170724234002.wav,1441
1677987881.170724235002.wav,1499
1677987881.170725000002.wav,1488
1677987881.170725001002.wav,1470
1677987881.170725002002.wav,1510
1677987881.170725003002.wav,1528
1677987881.170725004002.wav,1479
1677987881.170725005002.wav,1434
1677987881.170725010002.wav,1453
1677987881.170725011002.wav,1415
1677987881.170725012002.wav,1491
1677987881.170725013002.wav,1498
1677987881.170725014002.wav,1491
1677987881.170725015002.wav,1491
1677987881.170725020002.wav,1512
1677987881.170725021002.wav,1465
1677987881.170725022002.wav,1403
1677987881.170725023002.wav,1500
1677987881.170725024002.wav,1481
1677987881.170725025002.wav,1473
1677987881.170725030002.wav,1460
1677987881.170725031002.wav,1508
1677987881.170725032002.wav,1410
1677987881.170725033002.wav,1511
1677987881.170725034002.wav,1461
1677987881.170725035002.wav,1486
1677987881.170725040002.wav,1432
1677987881.170725041002.wav,1504
1677987881.170725042002.wav,1450
1677987881.170725044002.wav,1451
1677987881.170725045002.wav,1416
1677987881.170725050002.wav,1452
1677987881.170725051002.wav,1449
1677987881.170725054002.wav,1441
1677987881.170725055002.wav,1539
1677987881.170725060002.wav,1410
1677987881.170725061002.wav,1435
1677987881.170725062002.wav,1445
1677987881.170725063002.wav,1466
1677987881.170725064002.wav,1517
1677987881.170725065002.wav,1505
1677987881.170725070002.wav,1481
1677987881.170725072002.wav,1476
1677987881.170725073002.wav,1433
1677987881.170725074002.wav,1471
1677987881.170725075002.wav,1503
1677987881.170725080002.wav,1517
1677987881.170725081002.wav,1493
1677987881.170725082002.wav,1454
1677987881.170725083002.wav,1545
1677987881.170725084002.wav,1481
1677987881.170725085002.wav,1511
1677987881.170725090002.wav,1564
1677987881.170725091002.wav,1591
1677987881.170725092002.wav,1477
1677987881.170725093002.wav,1475
1677987881.170725094002.wav,1466
1677987881.170725095002.wav,1463
1677987881.170725100002.wav,1483
1677987881.170725101002.wav,1461
1677987881.170725102002.wav,1505
1677987881.170725103002.wav,1493
1677987881.170725110002.wav,1484
1677987881.170725111002.wav,1465
1677987881.170725112002.wav,1488
1677987881.170725113002.wav,1427
1677987881.170725114002.wav,1498
1677987881.170725115002.wav,1438
1677987881.170725120002.wav,1443
1677987881.170725121002.wav,1440
1677987881.170725122002.wav,1501
1677987881.170725124002.wav,1440
1677987881.170725125002.wav,1500
1677987881.170725130002.wav,1449
1677987881.170725131002.wav,1490
1677987881.170725132002.wav,1490
1677987881.170725133002.wav,1388
1677987881.170725134002.wav,1474
1677987881.170725135002.wav,1470
1677987881.170725141002.wav,1463
1677987881.170725142002.wav,1497
1677987881.170725143002.wav,1496
1677987881.170725145002.wav,1506
1677987881.170725150002.wav,1469
1677987881.170725151002.wav,1441
1677987881.170725152002.wav,1455
1677987881.170725153002.wav,1411
1677987881.170725154002.wav,1446
1677987881.170725155002.wav,1454
1677987881.170725160002.wav,1408
1677987881.170725161002.wav,1479
1677987881.170725163002.wav,1455
1677987881.170725164002.wav,1429
1677987881.170725165002.wav,1425
1677987881.170725170002.wav,1476
1677987881.170725171002.wav,1370
1677987881.170725172002.wav,1504
1677987881.170725173002.wav,1446
1677987881.170725174002.wav,1367
1677987881.170725175002.wav,1505
1677987881.170725181002.wav,1408
1677987881.170725182002.wav,1434
1677987881.170725183002.wav,1431
1677987881.170725184002.wav,1420
1677987881.170725185002.wav,1438
1677987881.170725190002.wav,1417
1677987881.170725191002.wav,1457
1677987881.170725192002.wav,1381
1677987881.170725193002.wav,1465
1677987881.170725194002.wav,1380
1677987881.170725195002.wav,1407
1677987881.170725200002.wav,1407
1677987881.170725201002.wav,1395
1677987881.170725202002.wav,1385
1677987881.170725203002.wav,1463
1677987881.170725204002.wav,1437
1677987881.170725205002.wav,1430
1677987881.170725210002.wav,1459
1677987881.170725211002.wav,1433
1677987881.170725212002.wav,1469
1677987881.170725214002.wav,1510
1677987881.170725215002.wav,1597
1677987881.170725220002.wav,1539
1677987881.170725221002.wav,1531
1677987881.170725222002.wav,1588
1677987881.170725223002.wav,1489
1677987881.170725224002.wav,1554
1677987881.170725225002.wav,1443
1677987881.170725230002.wav,1534
1677987881.170725231002.wav,1485
1677987881.170725232002.wav,1436
1677987881.170725233002.wav,1489
1677987881.170725234002.wav,1506
1677987881.170725235002.wav,1537
1677987881.170726000002.wav,1509
1677987881.170726001002.wav,1464
1677987881.170726002002.wav,1496
1677987881.170726003002.wav,1425
1677987881.170726004002.wav,1483
1677987881.170726011002.wav,1495
1677987881.170726012002.wav,1417
1677987881.170726013002.wav,1496
1677987881.170726014002.wav,1507
1677987881.170726015002.wav,1496
1677987881.170726020002.wav,1452
1677987881.170726021002.wav,1473
1677987881.170726022002.wav,1495
1677987881.170726023002.wav,1503
1677987881.170726025002.wav,1480
1677987881.170726030002.wav,1476
1677987881.170726031002.wav,1458
1677987881.170726032002.wav,1460
1677987881.170726033002.wav,1502
1677987881.170726034002.wav,1507
1677987881.170726040002.wav,1450
1677987881.170726041002.wav,1469
1677987881.170726042002.wav,1479
1677987881.170726043002.wav,1534
1677987881.170726044002.wav,1388
1677987881.170726045002.wav,1501
1677987881.170726050002.wav,1458
1677987881.170726051002.wav,1425
1677987881.170726052002.wav,1442
1677987881.170726053002.wav,1470
1677987881.170726054002.wav,1408
1677987881.170726055002.wav,1456
1677987881.170726060002.wav,1485
1677987881.170726061002.wav,1521
1677987881.170726062002.wav,1503
1677987881.170726063002.wav,1486
1677987881.170726064002.wav,1519
1677987881.170726065002.wav,1409
1677987881.170726070002.wav,1450
1677987881.170726071002.wav,1488
1677987881.170726072002.wav,1487
1677987881.170726074002.wav,1529
1677987881.170726075002.wav,1525
1677987881.170726080002.wav,1506
1677987881.170726081002.wav,1531
1677987881.170726083002.wav,1508
1677987881.170726084002.wav,1465
1677987881.170726085002.wav,1461
1677987881.170726090002.wav,1568
1677987881.170726091002.wav,1494
1677987881.170726092002.wav,1513
1677987881.170726093002.wav,1507
1677987881.170726094002.wav,1489
1677987881.170726095002.wav,1520
1677987881.170726100002.wav,1485
1677987881.170726101002.wav,1512
